-8.941968530416488647e-02,8.611384779214859009e-02
-6.267486512660980225e-02,4.926270619034767151e-02
1.417613625526428223e-01,2.991682589054107666e-01
-4.894375801086425781e-03,9.460321813821792603e-02
-3.520565514918416739e-04,1.063205972313880920e-01
-5.779509618878364563e-02,5.742526799440383911e-02
-1.180058270692825317e-01,7.596125453710556030e-02
1.332956403493881226e-01,2.900628149509429932e-01
1.330979913473129272e-01,2.898179292678833008e-01
-1.665440946817398071e-02,6.250329315662384033e-02
2.667464688420295715e-02,1.522932052612304688e-01
-8.772165328264236450e-02,8.154779672622680664e-02
-9.066979587078094482e-02,5.616490915417671204e-02
-6.507706642150878906e-02,8.327082544565200806e-02
2.453233301639556885e-01,-5.296624898910522461e-01
-8.659449219703674316e-02,1.005021333694458008e-01
1.332720816135406494e-01,2.900334894657135010e-01
-3.082055971026420593e-02,-2.228033542633056641e-01
1.332906037569046021e-01,2.900576591491699219e-01
1.332861185073852539e-01,2.900511026382446289e-01
-8.832235634326934814e-02,7.820180058479309082e-02
-5.666143819689750671e-02,2.766845561563968658e-02
2.453691214323043823e-01,-5.296965241432189941e-01
2.451722025871276855e-01,-5.296142101287841797e-01
-8.484842628240585327e-02,8.386985212564468384e-02
1.332867741584777832e-01,2.900512814521789551e-01
1.332971900701522827e-01,2.900620400905609131e-01
-7.597479969263076782e-02,8.797392249107360840e-02
1.338182538747787476e-01,2.905554473400115967e-01
-1.544837560504674911e-02,7.544629275798797607e-02
1.330175697803497314e-01,2.897202968597412109e-01
-3.829010948538780212e-02,-2.114599496126174927e-01
-1.991246361285448074e-03,9.336253255605697632e-02
-7.631561905145645142e-02,3.195807337760925293e-02
1.333069652318954468e-01,2.900848090648651123e-01
-9.895430505275726318e-02,1.710400544106960297e-02
1.155507937073707581e-01,1.730529963970184326e-01
-9.346690028905868530e-02,3.277232497930526733e-02
1.334703266620635986e-01,2.902351617813110352e-01
2.499547898769378662e-01,-5.295990705490112305e-01
1.332922875881195068e-01,2.900585830211639404e-01
-5.831023305654525757e-02,5.900417268276214600e-02
2.453821301460266113e-01,-5.296521186828613281e-01
-1.036998704075813293e-01,1.699900440871715546e-02
-2.143648453056812286e-02,8.158846199512481689e-02
-2.213870137929916382e-01,-4.872653260827064514e-02
-5.269053578376770020e-02,6.195145100355148315e-02
1.334026157855987549e-01,2.901855111122131348e-01
9.899473935365676880e-02,2.483535557985305786e-01
1.335192471742630005e-01,2.903063595294952393e-01
-9.883841872215270996e-02,2.064993791282176971e-02
-1.696913875639438629e-02,1.063366010785102844e-01
-3.828465938568115234e-02,-2.113648802042007446e-01
-1.656935214996337891e-01,-7.273982279002666473e-03
-5.079683288931846619e-02,9.363714605569839478e-02
-3.867623955011367798e-02,-2.120099663734436035e-01
2.452992498874664307e-01,-5.296777486801147461e-01
1.330620944499969482e-01,2.897750437259674072e-01
1.330813318490982056e-01,2.898002862930297852e-01
-2.957214228808879852e-02,-8.137498050928115845e-02
1.332960277795791626e-01,2.900621294975280762e-01
-5.036475136876106262e-02,1.365774124860763550e-01
-4.874094575643539429e-02,3.931596502661705017e-02
1.332842856645584106e-01,2.900494337081909180e-01
2.455311268568038940e-01,-5.296390652656555176e-01
-3.787602484226226807e-02,9.944983571767807007e-02
-1.151099801063537598e-01,8.014929294586181641e-02
-3.841966390609741211e-02,-2.115502208471298218e-01
-7.035064045339822769e-03,4.500779882073402405e-02
-5.627835541963577271e-02,9.806243330240249634e-02
-9.285014867782592773e-02,6.113057024776935577e-04
-3.832902014255523682e-02,-2.123245745897293091e-01
-3.843185678124427795e-02,-2.115682214498519897e-01
-9.983251243829727173e-02,5.057087168097496033e-02
-5.400867015123367310e-02,2.539646066725254059e-02
2.452997565269470215e-01,-5.294391512870788574e-01
-1.145787015557289124e-01,1.647760719060897827e-02
-1.094804257154464722e-01,7.403106987476348877e-02
-8.726422488689422607e-02,9.569750726222991943e-02
8.946838974952697754e-02,2.313342392444610596e-01
-4.996925294399261475e-01,2.962297499179840088e-01
1.332908868789672852e-01,2.900567352771759033e-01
-8.198130130767822266e-02,9.244715422391891479e-02
-2.216188311576843262e-01,-4.893749952316284180e-02
6.010652706027030945e-02,1.791685670614242554e-01
-3.921104967594146729e-02,6.839853525161743164e-02
1.332840323448181152e-01,2.900497913360595703e-01
-6.129947304725646973e-02,8.229243755340576172e-02
-8.754634112119674683e-02,9.013711661100387573e-02
-8.245186880230903625e-03,6.860412657260894775e-02
2.536749243736267090e-01,-5.380058884620666504e-01
-8.622212707996368408e-02,8.795657753944396973e-02
2.499515116214752197e-01,-5.296028256416320801e-01
-1.560162473469972610e-02,6.069141253829002380e-02
8.339541405439376831e-02,1.857175230979919434e-01
7.044042926281690598e-03,1.170799881219863892e-01
-4.454460367560386658e-02,-1.397347748279571533e-01
-1.051788404583930969e-01,7.643368095159530640e-02
-2.213723063468933105e-01,-4.872597008943557739e-02
-3.316545486450195312e-02,9.243419766426086426e-02
-7.232835888862609863e-02,2.898417599499225616e-02
1.333727389574050903e-01,2.896482944488525391e-01
-8.784206211566925049e-02,8.035176247358322144e-02
-5.001587867736816406e-01,2.962341308593750000e-01
2.492063343524932861e-01,-5.340620875358581543e-01
-4.138229787349700928e-02,2.654572762548923492e-02
2.318189106881618500e-02,1.217539981007575989e-01
-9.854324907064437866e-02,8.466914296150207520e-03
-9.416799247264862061e-02,8.494691550731658936e-02
-4.437783733010292053e-02,2.280536107718944550e-02
-8.524828404188156128e-02,1.275027077645063400e-02
-1.418432295322418213e-01,6.099709868431091309e-02
-3.445883840322494507e-02,1.013194620609283447e-01
1.346029043197631836e-01,2.922403514385223389e-01
-2.223057150840759277e-01,-4.951189458370208740e-02
2.499987334012985229e-01,-5.298510789871215820e-01
1.311332136392593384e-01,2.877996861934661865e-01
2.505428194999694824e-01,-5.295999646186828613e-01
1.331543326377868652e-01,2.898816764354705811e-01
1.291998177766799927e-01,2.845104634761810303e-01
2.452480643987655640e-01,-5.298621654510498047e-01
-1.408105641603469849e-01,-1.055299118161201477e-01
-8.468046039342880249e-02,8.985598385334014893e-02
2.454225867986679077e-01,-5.299822688102722168e-01
-8.279595524072647095e-02,9.923649579286575317e-02
-3.829708695411682129e-02,-2.122520506381988525e-01
-5.013351514935493469e-02,1.035307943820953369e-01
1.335080713033676147e-01,2.902819514274597168e-01
-1.709846407175064087e-01,-1.564695313572883606e-02
2.830102108418941498e-02,1.613267213106155396e-01
-3.955673053860664368e-02,9.705522656440734863e-02
-9.519766271114349365e-02,7.797244936227798462e-02
-3.844400867819786072e-02,-2.115641087293624878e-01
-3.018361628055572510e-01,9.237272292375564575e-02
-7.294239848852157593e-02,6.532727926969528198e-02
-1.016618013381958008e-01,5.365466699004173279e-03
-1.001603454351425171e-01,3.463332727551460266e-02
1.332757174968719482e-01,2.900475859642028809e-01
-1.488182395696640015e-01,1.573929190635681152e-02
-3.805248066782951355e-02,-2.124032378196716309e-01
-9.211552143096923828e-02,7.946684211492538452e-02
1.332894116640090942e-01,2.900556325912475586e-01
-8.287105709314346313e-02,8.969424664974212646e-02
2.452940791845321655e-01,-5.297428369522094727e-01
-1.399816870689392090e-01,3.518543438985943794e-03
1.320679038763046265e-01,2.884475290775299072e-01
-1.181128025054931641e-01,-1.509020775556564331e-01
-1.462354697287082672e-02,-1.844776980578899384e-02
1.331512629985809326e-01,2.898907959461212158e-01
2.508974671363830566e-01,-5.296350717544555664e-01
-9.611342847347259521e-02,5.457743536680936813e-03
1.332921385765075684e-01,2.900578677654266357e-01
1.047352850437164307e-01,2.513483464717864990e-01
-2.213843017816543579e-01,-4.862602427601814270e-02
-4.285075888037681580e-02,2.425740100443363190e-02
1.310795843601226807e-01,2.866258323192596436e-01
-5.418006330728530884e-02,1.065662875771522522e-01
2.459853142499923706e-01,-5.282104015350341797e-01
-6.260853260755538940e-02,7.186437025666236877e-03
-8.687985688447952271e-02,3.202615305781364441e-02
-3.848095238208770752e-02,-2.111539989709854126e-01
-3.848030418157577515e-02,-2.112108916044235229e-01
1.332819312810897827e-01,2.900416553020477295e-01
1.334495693445205688e-01,2.902310490608215332e-01
2.453652620315551758e-01,-5.296395421028137207e-01
-5.418149009346961975e-02,8.705652505159378052e-02
-9.845647960901260376e-02,8.764068596065044403e-03
1.334237158298492432e-01,2.901602089405059814e-01
1.332900673151016235e-01,2.900577187538146973e-01
-3.841783851385116577e-02,-2.115663588047027588e-01
-5.774249136447906494e-02,2.859933860599994659e-02
-4.004142433404922485e-02,-1.081800907850265503e-01
1.357554793357849121e-01,2.919583022594451904e-01
-6.895653903484344482e-02,1.079099848866462708e-01
2.453309446573257446e-01,-5.296911001205444336e-01
-6.203611940145492554e-02,7.250513415783643723e-03
7.119811326265335083e-02,1.593259274959564209e-01
1.333937197923660278e-01,2.901454269886016846e-01
1.332818418741226196e-01,2.900484204292297363e-01
-1.067069172859191895e-01,6.564982980489730835e-02
-9.236908704042434692e-02,5.739923566579818726e-03
-8.912096917629241943e-02,6.347652990370988846e-03
1.311643868684768677e-01,2.878331840038299561e-01
-8.965612947940826416e-02,9.357678890228271484e-02
-8.382546156644821167e-02,8.954783529043197632e-02
-1.256934255361557007e-01,6.558004021644592285e-02
2.455477118492126465e-01,-5.297140479087829590e-01
2.493652105331420898e-01,-5.295928716659545898e-01
-8.881437778472900391e-02,2.610727585852146149e-02
2.511802613735198975e-01,-5.376507043838500977e-01
-3.848031535744667053e-02,-2.112042307853698730e-01
2.512253820896148682e-01,-5.295282006263732910e-01
2.504757344722747803e-01,-5.296147465705871582e-01
1.332948505878448486e-01,2.900613248348236084e-01
1.317573934793472290e-01,2.883035838603973389e-01
1.332944929599761963e-01,2.900622189044952393e-01
-1.052883118391036987e-01,3.858938068151473999e-02
-3.901893272995948792e-02,-2.093920707702636719e-01
8.184885233640670776e-02,5.736682936549186707e-02
-1.112136393785476685e-01,8.380094915628433228e-02
2.505524456501007080e-01,-5.295743346214294434e-01
-6.796076893806457520e-02,4.955864325165748596e-02
-7.803996652364730835e-02,3.592053428292274475e-02
-7.603762298822402954e-02,3.824894875288009644e-02
-8.416249603033065796e-02,8.788660913705825806e-02
2.456390708684921265e-01,-5.304213762283325195e-01
-8.591672033071517944e-02,2.394775673747062683e-02
1.382468640804290771e-01,2.917063236236572266e-01
2.505899965763092041e-01,-5.296271443367004395e-01
-2.216186225414276123e-01,-4.895130917429924011e-02
2.454166710376739502e-01,-5.294547677040100098e-01
1.383922100067138672e-01,2.963037192821502686e-01
-1.500482410192489624e-01,-4.688791930675506592e-03
2.506664693355560303e-01,-5.297685861587524414e-01
2.499640733003616333e-01,-5.298504233360290527e-01
-7.354886084794998169e-02,7.698255032300949097e-02
-1.457114070653915405e-01,2.109462162479758263e-03
-8.082087337970733643e-02,1.532169058918952942e-03
2.499677091836929321e-01,-5.296002030372619629e-01
-5.002102851867675781e-01,2.964848279953002930e-01
-2.373577468097209930e-02,-2.327490299940109253e-01
-4.584008362144231796e-03,8.745505660772323608e-02
-2.217727303504943848e-01,-4.884166270494461060e-02
-5.300555378198623657e-02,1.435088738799095154e-02
-4.997593164443969727e-01,2.960839569568634033e-01
-2.076308801770210266e-02,9.394517540931701660e-02
4.390115663409233093e-02,1.851924210786819458e-01
-9.226343780755996704e-02,1.525209937244653702e-02
1.317449212074279785e-01,2.882682681083679199e-01
-3.842047229409217834e-02,-2.115597724914550781e-01
-7.136190682649612427e-02,1.298207882791757584e-02
-8.626823872327804565e-02,8.798370510339736938e-02
1.425213813781738281e-01,3.065341114997863770e-01
-1.052701100707054138e-01,7.581366226077079773e-03
-1.282211393117904663e-01,6.129071861505508423e-02
-8.623613417148590088e-02,8.689296245574951172e-02
2.036354504525661469e-03,7.691312581300735474e-02
-7.356050610542297363e-02,7.557267695665359497e-02
-5.182540416717529297e-02,9.163105487823486328e-02
-8.677633106708526611e-02,4.562898539006710052e-03
1.332859396934509277e-01,2.900509238243103027e-01
-5.007527023553848267e-02,4.476137086749076843e-02
-2.671691821888089180e-03,9.697113931179046631e-02
1.334581822156906128e-01,2.902408242225646973e-01
-3.841967880725860596e-02,-2.115853130817413330e-01
-8.482147008180618286e-02,9.009274095296859741e-02
-9.358857572078704834e-02,1.102054957300424576e-02
-3.847352415323257446e-02,-2.111937105655670166e-01
-9.345711767673492432e-02,7.740239053964614868e-02
1.124172285199165344e-01,-3.651868700981140137e-01
-1.246128454804420471e-01,6.318205595016479492e-02
-7.788626104593276978e-02,9.499400854110717773e-02
-1.225285977125167847e-01,-1.167723610997200012e-01
-6.111524626612663269e-02,-3.278601216152310371e-03
1.259213536977767944e-01,2.818746268749237061e-01
-6.582463532686233521e-02,9.889312088489532471e-02
1.334751993417739868e-01,2.902517020702362061e-01
1.320210993289947510e-01,2.883916795253753662e-01
-2.159828506410121918e-02,4.707245901226997375e-02
2.543929219245910645e-01,-5.420438647270202637e-01
1.312638074159622192e-01,2.879467904567718506e-01
1.332892179489135742e-01,2.900560200214385986e-01
-9.409958869218826294e-02,1.883848686702549458e-03
-8.633696287870407104e-02,1.845435425639152527e-02
1.328160464763641357e-01,2.895229160785675049e-01
-9.729462862014770508e-02,5.406385287642478943e-03
1.332896053791046143e-01,2.900566756725311279e-01
-5.113797262310981750e-02,1.189677938818931580e-01
-1.028905585408210754e-01,7.159803062677383423e-02
-8.820439130067825317e-02,9.800247102975845337e-02
-1.438715960830450058e-02,9.023125469684600830e-02
-7.813531160354614258e-02,6.385625898838043213e-02
-3.847833722829818726e-02,-2.112266570329666138e-01
-5.599457398056983948e-02,7.448054105043411255e-02
-1.257078498601913452e-01,5.709975957870483398e-02
-8.111365139484405518e-02,4.420534893870353699e-02
-3.156039118766784668e-02,9.236822836101055145e-03
2.504183351993560791e-01,-5.296974778175354004e-01
-7.907760143280029297e-02,9.878106415271759033e-02
1.333883404731750488e-01,2.901483178138732910e-01
-3.847432881593704224e-02,-2.112508565187454224e-01
2.484108507633209229e-01,-5.364358425140380859e-01
2.552332282066345215e-01,-5.434930324554443359e-01
-8.987975865602493286e-02,8.197762072086334229e-02
2.509333789348602295e-01,-5.298882126808166504e-01
-2.216370105743408203e-01,-4.893973469734191895e-02
-2.699436992406845093e-02,4.920437932014465332e-02
2.505937814712524414e-01,-5.296246409416198730e-01
-3.847691416740417480e-02,-2.112421840429306030e-01
-3.847191855311393738e-02,-2.111984789371490479e-01
1.332878172397613525e-01,2.900540828704833984e-01
-1.167918294668197632e-01,3.505917266011238098e-02
-3.660453483462333679e-02,-2.182447016239166260e-01
1.335100829601287842e-01,2.902891039848327637e-01
3.264456987380981445e-02,1.799077987670898438e-01
2.341494411230087280e-01,-5.105103254318237305e-01
2.491821646690368652e-01,-5.349271893501281738e-01
2.454550415277481079e-01,-5.295386314392089844e-01
1.330291777849197388e-01,2.897327542304992676e-01
-3.876938298344612122e-02,3.157688304781913757e-02
-7.206887006759643555e-02,7.673667371273040771e-02
-8.490534871816635132e-02,5.568776279687881470e-03
-7.086279988288879395e-02,1.078466624021530151e-01
1.331095248460769653e-01,2.898281216621398926e-01
2.453410029411315918e-01,-5.296288132667541504e-01
-5.004588365554809570e-01,2.962686717510223389e-01
-7.632137835025787354e-02,7.853428274393081665e-02
-2.198466360569000244e-01,-4.796885326504707336e-02
-9.732079505920410156e-02,8.952540159225463867e-02
-3.820878267288208008e-02,-2.116971015930175781e-01
1.355896741151809692e-01,2.985911965370178223e-01
1.142678633332252502e-01,2.621342539787292480e-01
-5.958858504891395569e-02,1.088029071688652039e-01
1.143505275249481201e-01,2.621891200542449951e-01
-1.318871974945068359e-01,2.191393263638019562e-02
1.176057010889053345e-01,2.704322040081024170e-01
-2.852321788668632507e-02,3.782573342323303223e-02
-9.966778568923473358e-03,1.003462150692939758e-01
-9.862771630287170410e-02,2.679874189198017120e-02
-5.063983052968978882e-02,6.592813134193420410e-02
-4.998039007186889648e-01,2.961825728416442871e-01
-4.425927698612213135e-01,2.650720477104187012e-01
7.569498382508754730e-03,1.169027090072631836e-01
-9.492909908294677734e-02,7.304991036653518677e-02
1.316181272268295288e-01,2.881703972816467285e-01
-2.216159850358963013e-01,-4.895533248782157898e-02
2.452868670225143433e-01,-5.296729803085327148e-01
1.140189543366432190e-01,2.551143169403076172e-01
-8.468497544527053833e-02,8.830572664737701416e-02
-1.620023697614669800e-02,5.946504324674606323e-02
1.336681693792343140e-01,2.904777228832244873e-01
-1.204923987388610840e-01,6.802813708782196045e-02
-3.908248245716094971e-02,1.016789376735687256e-01
1.341219097375869751e-01,2.909049391746520996e-01
2.457912713289260864e-01,-5.296460390090942383e-01
1.335330456495285034e-01,2.902953028678894043e-01
-9.204511344432830811e-02,8.632633090019226074e-02
-6.904603540897369385e-02,6.331435590982437134e-02
1.332893818616867065e-01,2.900565564632415771e-01
2.505951523780822754e-01,-5.296224355697631836e-01
-4.995522499084472656e-01,2.964968085289001465e-01
6.968553364276885986e-02,2.186120450496673584e-01
8.737982064485549927e-02,2.299031466245651245e-01
-9.830627590417861938e-02,5.402833223342895508e-02
-2.217662632465362549e-01,-4.930348321795463562e-02
-7.269278913736343384e-02,8.042865991592407227e-02
1.328647881746292114e-01,2.895470857620239258e-01
-3.848035261034965515e-02,-2.111773639917373657e-01
1.202004477381706238e-01,2.723115384578704834e-01
-6.353990733623504639e-02,5.458541214466094971e-02
1.422305703163146973e-01,3.017414808273315430e-01
5.247151479125022888e-03,1.057133302092552185e-01
1.332913041114807129e-01,2.900575995445251465e-01
-8.341131359338760376e-02,7.909979671239852905e-02
2.505745887756347656e-01,-5.294819474220275879e-01
-9.661769866943359375e-02,8.617887645959854126e-02
-1.778812557458877563e-01,-1.767393946647644043e-02
-1.300897635519504547e-02,5.528577789664268494e-02
-1.052192226052284241e-01,4.533435031771659851e-02
-1.140063852071762085e-01,2.889872156083583832e-02
-1.024674177169799805e-01,6.781750917434692383e-02
-1.093544289469718933e-01,9.706863202154636383e-03
-3.853473067283630371e-02,-2.111504524946212769e-01
2.452213615179061890e-01,-5.294529795646667480e-01
2.493554502725601196e-01,-5.295956134796142578e-01
2.505972087383270264e-01,-5.296192169189453125e-01
-1.016007214784622192e-01,5.374465603381395340e-03
-9.623593837022781372e-02,1.218104851432144642e-03
-9.147656708955764771e-02,7.269094139337539673e-02
-1.888009905815124512e-02,8.414055407047271729e-02
-1.068333387374877930e-01,3.342003375291824341e-02
-2.828792668879032135e-02,5.405216291546821594e-02
-1.015318185091018677e-01,5.867370963096618652e-02
1.962352544069290161e-02,1.470744758844375610e-01
-7.836998999118804932e-02,9.402329474687576294e-02
-1.502255499362945557e-01,3.004683181643486023e-02
1.332920491695404053e-01,2.900576591491699219e-01
-6.219228729605674744e-03,-1.651018857955932617e-02
-1.122087240219116211e-01,8.279154449701309204e-02
1.331377476453781128e-01,2.898697257041931152e-01
-5.018720775842666626e-02,1.022912189364433289e-01
-2.995833568274974823e-02,2.005280181765556335e-02
-6.028854288160800934e-03,5.270458757877349854e-02
-8.485294878482818604e-02,9.009254723787307739e-02
-3.844280168414115906e-02,-2.109500616788864136e-01
-1.074759215116500854e-01,2.189055783674120903e-03
-6.019054353237152100e-02,9.854705631732940674e-02
7.411888241767883301e-02,1.024898588657379150e-01
-3.902500495314598083e-02,-2.094211280345916748e-01
-7.550338655710220337e-02,1.782128401100635529e-02
-9.353808127343654633e-03,1.575438231229782104e-01
1.332925260066986084e-01,2.900599837303161621e-01
-8.462645113468170166e-02,8.990191668272018433e-02
-3.817731514573097229e-02,-2.110331356525421143e-01
-3.841683268547058105e-02,-2.115602642297744751e-01
-5.003298521041870117e-01,2.960703670978546143e-01
-8.467762172222137451e-02,8.980841189622879028e-02
-2.446399442851543427e-02,4.665566235780715942e-02
-4.997879862785339355e-01,2.966204285621643066e-01
-9.833665937185287476e-02,5.219191685318946838e-02
-5.214210133999586105e-03,8.562888205051422119e-02
-8.527399599552154541e-02,1.271146535873413086e-02
-8.832436054944992065e-02,7.826086133718490601e-02
-3.847255930304527283e-02,-2.112740576267242432e-01
-9.753674268722534180e-02,1.021584495902061462e-02
-9.873446822166442871e-02,3.937124833464622498e-02
-5.000017285346984863e-01,2.961543798446655273e-01
1.330558210611343384e-01,2.897694110870361328e-01
2.453074157238006592e-01,-5.295269489288330078e-01
-6.552795320749282837e-02,-6.965416017919778824e-03
2.479974627494812012e-01,-5.298060178756713867e-01
-1.717005968093872070e-01,-9.141870774328708649e-03
1.332903504371643066e-01,2.900566458702087402e-01
-2.214957624673843384e-01,-4.867685958743095398e-02
9.699901565909385681e-03,9.326212108135223389e-02
-4.995770156383514404e-01,2.965364456176757812e-01
1.334383040666580200e-01,2.902042567729949951e-01
-9.883056581020355225e-02,4.835823085159063339e-03
-9.843582659959793091e-02,9.407964535057544708e-04
1.070012375712394714e-01,2.704350948333740234e-01
-1.580944210290908813e-01,-2.410128014162182808e-03
-3.923354297876358032e-02,1.946886256337165833e-02
-6.540401279926300049e-02,9.233870543539524078e-03
-7.704804837703704834e-02,2.239234931766986847e-02
-1.221973896026611328e-01,1.757847517728805542e-02
-1.499492768198251724e-02,5.454091727733612061e-02
-1.342608481645584106e-01,5.394667014479637146e-02
1.332906037569046021e-01,2.900570929050445557e-01
-1.024418994784355164e-01,7.975555211305618286e-02
-8.326325565576553345e-02,9.090454876422882080e-02
-1.012052521109580994e-01,8.003677241504192352e-03
-5.702452734112739563e-02,3.438774123787879944e-02
-8.616176247596740723e-02,9.380811825394630432e-03
-8.391295373439788818e-02,8.894535899162292480e-02
-6.402411311864852905e-02,8.958365768194198608e-02
-2.221570909023284912e-01,-4.915203899145126343e-02
-4.864033311605453491e-02,2.535885572433471680e-02
2.463954240083694458e-01,-5.301802158355712891e-01
-2.756105735898017883e-02,2.450879663228988647e-02
1.332304030656814575e-01,2.900176048278808594e-01
1.332895010709762573e-01,2.900560498237609863e-01
3.492966061457991600e-04,8.311210572719573975e-02
2.453232854604721069e-01,-5.297885537147521973e-01
-1.016585826873779297e-01,5.328421480953693390e-03
-8.973880112171173096e-02,9.102202206850051880e-02
-4.635093361139297485e-02,2.121397666633129120e-02
1.329636275768280029e-01,2.896540164947509766e-01
-1.061686277389526367e-01,1.885608769953250885e-02
2.505513727664947510e-01,-5.295910835266113281e-01
-1.407862454652786255e-01,-2.571216085925698280e-03
-3.842211887240409851e-02,-2.115623652935028076e-01
-4.502610489726066589e-02,9.563003480434417725e-02
-9.951538592576980591e-02,2.024514973163604736e-02
2.559480667114257812e-01,-5.347318649291992188e-01
-4.686287045478820801e-02,-4.946230724453926086e-02
-8.376305550336837769e-02,6.866776198148727417e-02
-1.619512401521205902e-02,5.842582508921623230e-02
-6.426586210727691650e-02,3.861646726727485657e-02
-1.142601370811462402e-01,7.708951085805892944e-02
-1.156136691570281982e-01,7.991518080234527588e-02
-6.999210268259048462e-02,1.354563888162374496e-02
-3.833281248807907104e-02,-2.117128521203994751e-01
1.846450031735002995e-03,1.085639744997024536e-01
-8.334172517061233521e-02,6.103041581809520721e-03
-5.927069857716560364e-02,4.899484664201736450e-02
2.505977451801300049e-01,-5.296248197555541992e-01
1.327164173126220703e-01,2.893932163715362549e-01
-8.483930677175521851e-02,9.007989615201950073e-02
-2.309484593570232391e-02,8.761487156152725220e-02
2.499552965164184570e-01,-5.295942425727844238e-01
-8.483681827783584595e-02,9.010612219572067261e-02
-3.840313106775283813e-02,-2.115360200405120850e-01
-3.837103024125099182e-02,-2.113423198461532593e-01
-4.997749030590057373e-01,2.961304187774658203e-01
-7.850766181945800781e-02,8.104286342859268188e-02
1.334839463233947754e-01,2.902136445045471191e-01
1.332908719778060913e-01,2.900561392307281494e-01
-3.131502494215965271e-02,3.272760286927223206e-02
2.450738698244094849e-01,-5.296880602836608887e-01
-3.843448311090469360e-02,-2.115270942449569702e-01
-2.209917157888412476e-01,-4.847836866974830627e-02
-4.999518096446990967e-01,2.961896955966949463e-01
-1.192558258771896362e-01,7.399874925613403320e-02
-8.328067511320114136e-02,5.301832780241966248e-02
-9.276472032070159912e-02,1.103101763874292374e-02
-1.797324568033218384e-01,-7.065408676862716675e-02
-6.576278805732727051e-02,-7.186708506196737289e-03
-6.782735884189605713e-02,1.020471826195716858e-01
-1.324247661978006363e-02,5.259519070386886597e-02
-5.622495710849761963e-02,2.461837790906429291e-02
-3.861428424715995789e-02,-2.104211598634719849e-01
-8.464136719703674316e-02,8.988144993782043457e-02
-1.012925878167152405e-01,8.099151402711868286e-02
2.454115301370620728e-01,-5.297446250915527344e-01
1.214372366666793823e-01,2.754934430122375488e-01
3.024894045665860176e-03,1.124334782361984253e-01
2.507660984992980957e-01,-5.301697850227355957e-01
-1.277240961790084839e-01,1.264225877821445465e-02
-3.837271779775619507e-02,-2.095197141170501709e-01
-3.829831629991531372e-02,-2.114569693803787231e-01
-1.746119111776351929e-01,-1.499897707253694534e-02
-1.156263053417205811e-01,5.079178139567375183e-02
-2.800071984529495239e-02,5.781638622283935547e-02
1.297017633914947510e-01,2.848156094551086426e-01
-7.319176942110061646e-02,6.806489825248718262e-02
-4.998404681682586670e-01,2.961773276329040527e-01
-5.120194554328918457e-01,3.064064085483551025e-01
-8.113012462854385376e-02,2.156473696231842041e-02
1.406064033508300781e-01,2.982766330242156982e-01
2.617125213146209717e-01,-5.448083877563476562e-01
-8.137073367834091187e-02,4.738236963748931885e-02
-1.241657603532075882e-02,8.082042634487152100e-02
2.505187094211578369e-01,-5.297261476516723633e-01
-1.151407063007354736e-01,8.091603219509124756e-02
-3.910494595766067505e-02,6.197784096002578735e-02
1.406154483556747437e-01,2.982899546623229980e-01
-3.885776549577713013e-02,-1.519572883844375610e-01
-2.213837057352066040e-01,-4.873107001185417175e-02
-3.506304323673248291e-02,3.761399164795875549e-02
-5.510355904698371887e-02,6.503014266490936279e-02
3.342884592711925507e-03,1.089397147297859192e-01
-2.801217511296272278e-02,5.149859003722667694e-03
-2.216007858514785767e-01,-4.895974323153495789e-02
1.397639065980911255e-01,-3.970375061035156250e-01
-3.926338255405426025e-02,-2.084125876426696777e-01
-3.843140229582786560e-02,-2.115477323532104492e-01
-1.521857529878616333e-01,1.953901955857872963e-03
2.453431934118270874e-01,-5.296720862388610840e-01
-2.216714173555374146e-01,-4.892108961939811707e-02
-4.742413759231567383e-02,4.905936121940612793e-02
-3.537619858980178833e-02,2.572808414697647095e-02
6.569725228473544121e-04,1.653068885207176208e-02
-8.736307173967361450e-02,7.779230177402496338e-02
5.633845925331115723e-02,5.738521367311477661e-02
2.453427314758300781e-01,-5.298838019371032715e-01
-2.066286653280258179e-02,4.916728287935256958e-02
-9.190402179956436157e-02,4.833815246820449829e-02
-5.785331875085830688e-02,8.318944275379180908e-02
-1.731806844472885132e-01,-1.708604954183101654e-02
1.331941932439804077e-01,2.899241447448730469e-01
1.332823634147644043e-01,2.900266349315643311e-01
-9.680601209402084351e-02,8.653915673494338989e-02
2.506209313869476318e-01,-5.298255085945129395e-01
-6.312286108732223511e-02,2.656402811408042908e-02
7.470780611038208008e-02,1.150654163211584091e-02
2.498625516891479492e-01,-5.295034050941467285e-01
-3.949704393744468689e-02,2.180812135338783264e-02
-8.634662628173828125e-02,1.067681536078453064e-01
1.331044584512710571e-01,2.898144125938415527e-01
-7.184414565563201904e-02,1.788394409231841564e-03
-2.215193808078765869e-01,-4.887584596872329712e-02
1.332937031984329224e-01,2.900601923465728760e-01
-1.681701689958572388e-01,-1.245427224785089493e-02
1.331052929162979126e-01,2.898178100585937500e-01
-2.216133177280426025e-01,-4.876311868429183960e-02
2.500787079334259033e-01,-5.296438932418823242e-01
-1.552634388208389282e-01,3.732404205948114395e-03
1.332958936691284180e-01,2.900647222995758057e-01
-1.179812476038932800e-01,5.101823434233665466e-02
4.325441643595695496e-02,1.455503255128860474e-01
-6.697227805852890015e-02,9.754842519760131836e-02
1.335403323173522949e-01,2.903163135051727295e-01
-1.348955780267715454e-01,5.257111415266990662e-02
-1.019952893257141113e-01,6.697900593280792236e-03
-7.505634427070617676e-02,3.347769379615783691e-03
-2.216342985630035400e-01,-4.894250631332397461e-02
-6.469138711690902710e-02,1.106218174099922180e-01
-1.693388447165489197e-03,1.120827347040176392e-01
2.321437448263168335e-01,-4.884704351425170898e-01
-3.840272873640060425e-02,-2.115377634763717651e-01
4.067937284708023071e-02,1.929973661899566650e-01
-1.040193364024162292e-01,9.312504902482032776e-03
4.101844877004623413e-02,5.926305055618286133e-02
-3.849164769053459167e-02,-2.110763341188430786e-01
-8.576548099517822266e-02,9.668421745300292969e-02
-1.352071911096572876e-01,-1.484982902184128761e-03
-8.504855632781982422e-02,4.941281676292419434e-02
1.333749592304229736e-01,2.901457548141479492e-01
2.457714527845382690e-01,-5.296490192413330078e-01
7.647875696420669556e-02,2.183851785957813263e-02
4.086355119943618774e-02,1.795203387737274170e-01
-3.842498362064361572e-02,-2.115446925163269043e-01
-5.573211703449487686e-03,1.018045023083686829e-01
-1.761793494224548340e-01,7.856057584285736084e-02
1.330232173204421997e-01,2.897210121154785156e-01
-6.423271261155605316e-03,9.771054983139038086e-02
-7.598014920949935913e-02,1.208340004086494446e-02
-7.237159460783004761e-02,8.066254854202270508e-02
-7.780840992927551270e-02,9.291484206914901733e-02
1.325770616531372070e-01,2.891862988471984863e-01
-7.418377697467803955e-02,9.892145544290542603e-02
2.454512566328048706e-01,-5.297305583953857422e-01
-7.298442721366882324e-02,7.974455505609512329e-02
1.331992745399475098e-01,2.899108827114105225e-01
-4.205200821161270142e-02,7.222677767276763916e-02
-8.890486508607864380e-02,8.867318183183670044e-02
7.189537584781646729e-02,1.399450749158859253e-01
-1.251998245716094971e-01,5.219055712223052979e-02
-9.431106597185134888e-02,1.438921783119440079e-02
2.453927248716354370e-01,-5.296128392219543457e-01
7.611539680510759354e-03,1.169208064675331116e-01
1.334905475378036499e-01,2.902728319168090820e-01
-7.491420209407806396e-02,1.008933410048484802e-01
1.450865864753723145e-01,3.035912513732910156e-01
1.336829513311386108e-01,2.905510663986206055e-01
-5.619760230183601379e-02,1.883021369576454163e-02
-4.821472987532615662e-02,2.289193496108055115e-02
-1.934681385755538940e-01,-2.088655158877372742e-02
-1.846530474722385406e-02,4.040432348847389221e-02
2.453472167253494263e-01,-5.294564366340637207e-01
-6.412097718566656113e-03,9.769405424594879150e-02
2.451007366180419922e-01,-5.304348468780517578e-01
-3.860697895288467407e-02,-2.116427570581436157e-01
2.502407729625701904e-01,-5.299049615859985352e-01
-8.978926390409469604e-02,8.400406688451766968e-02
1.335747987031936646e-01,2.903698682785034180e-01
2.451905757188796997e-01,-5.295900106430053711e-01
-7.011737674474716187e-02,5.018603801727294922e-02
-8.470227569341659546e-02,8.974169939756393433e-02
-3.940179571509361267e-02,4.823686182498931885e-02
-7.783402502536773682e-02,2.530569396913051605e-02
-7.158149033784866333e-02,8.862114697694778442e-02
-8.818287402391433716e-02,8.892965316772460938e-02
-6.687008589506149292e-02,6.282646954059600830e-02
-9.651434421539306641e-02,3.229903802275657654e-02
-1.107391715049743652e-01,7.914196699857711792e-02
1.405604481697082520e-01,2.985781133174896240e-01
-8.911840617656707764e-02,4.465177655220031738e-02
1.332850158214569092e-01,2.900517582893371582e-01
-2.370752766728401184e-02,6.447275727987289429e-02
2.499652653932571411e-01,-5.295981168746948242e-01
-1.459559518843889236e-02,1.175394356250762939e-01
2.500831186771392822e-01,-5.317733883857727051e-01
-3.915479406714439392e-02,-2.092613428831100464e-01
1.330371201038360596e-01,2.897417843341827393e-01
-1.008704975247383118e-01,7.045045495033264160e-02
1.184792350977659225e-02,1.288972645998001099e-01
1.333672404289245605e-01,2.901175022125244141e-01
8.617280982434749603e-04,-1.809630841016769409e-01
-5.558832362294197083e-02,7.863690704107284546e-02
2.493820935487747192e-01,-5.295897126197814941e-01
2.505395114421844482e-01,-5.295971632003784180e-01
-4.872760921716690063e-02,2.917161397635936737e-02
-4.999005496501922607e-01,2.965856194496154785e-01
1.256908625364303589e-01,2.798031568527221680e-01
-8.478730171918869019e-02,7.864392548799514771e-02
1.342087984085083008e-01,2.910579442977905273e-01
-6.817671656608581543e-02,-2.511261962354183197e-03
-1.008577123284339905e-01,5.163684487342834473e-02
3.090247511863708496e-03,1.124662607908248901e-01
1.332676112651824951e-01,2.900234758853912354e-01
1.316812783479690552e-01,2.881903648376464844e-01
-1.020233109593391418e-01,1.661293581128120422e-02
-9.928347170352935791e-02,7.889393717050552368e-02
-8.895441144704818726e-02,7.727387547492980957e-02
2.453446239233016968e-01,-5.298066139221191406e-01
-7.763390894979238510e-03,6.413280963897705078e-02
2.499574720859527588e-01,-5.295969247817993164e-01
-3.821583092212677002e-02,-2.121491134166717529e-01
2.493703514337539673e-01,-5.296110510826110840e-01
-6.640115380287170410e-02,6.998014450073242188e-02
-8.564066886901855469e-02,9.276366233825683594e-02
1.415234357118606567e-01,2.994000911712646484e-01
-7.470798492431640625e-02,1.032165437936782837e-01
7.444409281015396118e-02,8.027959614992141724e-02
-1.004256606101989746e-01,8.138541877269744873e-02
-1.004221960902214050e-01,1.200403366237878799e-02
-4.800560325384140015e-02,1.189543977379798889e-01
1.332943886518478394e-01,2.900607883930206299e-01
5.201928433962166309e-04,1.063801646232604980e-01
-5.544348433613777161e-02,2.189876697957515717e-02
1.332887411117553711e-01,2.900556325912475586e-01
-8.589030057191848755e-02,4.980557039380073547e-02
6.725244224071502686e-02,1.166069135069847107e-01
1.336140930652618408e-01,2.904284298419952393e-01
-8.983797580003738403e-02,1.130487304180860519e-02
-9.971960633993148804e-02,1.395795121788978577e-02
1.324862390756607056e-01,2.895548045635223389e-01
-3.842225298285484314e-02,-2.115559130907058716e-01
-9.410651773214340210e-02,1.806373358704149723e-03
2.498617321252822876e-01,-5.323117375373840332e-01
-1.218778938055038452e-01,6.798999756574630737e-02
2.499631196260452271e-01,-5.295954346656799316e-01
-3.696133196353912354e-02,8.233564347028732300e-02
1.334361284971237183e-01,2.902228236198425293e-01
1.328775137662887573e-01,2.895934283733367920e-01
-5.507411435246467590e-02,1.239790692925453186e-01
-5.020553618669509888e-02,5.477984622120857239e-02
1.356368064880371094e-01,2.922441363334655762e-01
-4.399839416146278381e-02,-1.162480860948562622e-01
-5.921231210231781006e-02,3.591579571366310120e-02
-3.584348782896995544e-02,9.378572553396224976e-02
-8.709117025136947632e-02,3.523803874850273132e-02
-8.469402790069580078e-02,8.991330116987228394e-02
2.638351619243621826e-01,-5.528124570846557617e-01
-8.631995320320129395e-02,7.975377142429351807e-02
1.326795965433120728e-01,2.893669903278350830e-01
1.346416324377059937e-01,2.916732430458068848e-01
-8.112572133541107178e-02,3.870736435055732727e-02
-2.687511406838893890e-02,3.008942492306232452e-02
-1.287790238857269287e-01,4.975407570600509644e-02
-7.696168869733810425e-02,1.572851464152336121e-02
-8.497580885887145996e-02,7.894156873226165771e-02
6.235259398818016052e-02,6.068293750286102295e-02
-6.280894577503204346e-02,9.580132365226745605e-02
2.526974976062774658e-01,-5.446783900260925293e-01
6.932881660759449005e-03,3.737552836537361145e-02
-1.727765798568725586e-02,3.415543586015701294e-02
-8.120940625667572021e-02,8.714825659990310669e-02
-3.847923129796981812e-02,-2.111959457397460938e-01
-1.624256931245326996e-02,8.805663138628005981e-02
1.337103694677352905e-01,2.905247211456298828e-01
2.499727755784988403e-01,-5.295983552932739258e-01
-4.145493730902671814e-02,8.614856004714965820e-02
-2.666015410795807838e-03,9.697017073631286621e-02
2.453640699386596680e-01,-5.296713709831237793e-01
-8.471338450908660889e-02,8.991213142871856689e-02
-4.998735189437866211e-01,2.962170839309692383e-01
-5.183345824480056763e-02,3.687452897429466248e-02
1.332899034023284912e-01,2.900546193122863770e-01
-1.016535460948944092e-01,5.296871997416019440e-03
-7.163279503583908081e-02,-1.277832896448671818e-03
-6.073591113090515137e-02,2.232031151652336121e-02
2.452659606933593750e-01,-5.300414562225341797e-01
-1.208463981747627258e-01,-1.922996900975704193e-02
-2.214289009571075439e-01,-4.899793118238449097e-02
-1.778125911951065063e-01,-2.000859193503856659e-02
2.509542405605316162e-01,-5.297989249229431152e-01
-1.023790463805198669e-01,4.021774511784315109e-03
-8.704143762588500977e-02,4.039805382490158081e-02
-8.204592391848564148e-03,1.062316372990608215e-01
-5.474235489964485168e-02,6.554222106933593750e-02
-1.092263013124465942e-01,8.052552491426467896e-02
-1.138447672128677368e-01,7.789054512977600098e-02
-8.097565174102783203e-02,4.329636320471763611e-02
-3.842632472515106201e-02,-2.115536183118820190e-01
1.331663578748703003e-01,2.898885905742645264e-01
2.454034537076950073e-01,-5.296022295951843262e-01
-1.018086895346641541e-01,3.158339858055114746e-02
2.457728683948516846e-01,-5.296489000320434570e-01
2.499596923589706421e-01,-5.295957922935485840e-01
-2.216150462627410889e-01,-4.895927757024765015e-02
-1.023243740200996399e-01,6.555368658155202866e-03
-8.112271875143051147e-02,4.421828687191009521e-02
-3.848396986722946167e-02,-2.111252844333648682e-01
1.334446221590042114e-01,2.902262806892395020e-01
-4.938000068068504333e-02,2.421380020678043365e-02
-6.909952312707901001e-02,8.642973005771636963e-02
-1.145212054252624512e-01,4.030911624431610107e-02
2.493166029453277588e-01,-5.294780135154724121e-01
1.338288336992263794e-01,2.908374667167663574e-01
2.505908608436584473e-01,-5.296249985694885254e-01
-1.429889630526304245e-02,9.985262900590896606e-02
-3.276570141315460205e-02,1.885058172047138214e-02
-1.118134707212448120e-02,5.612301826477050781e-02
2.505672574043273926e-01,-5.296089649200439453e-01
1.333818435668945312e-01,2.903962731361389160e-01
-3.917481284588575363e-03,1.048937588930130005e-01
-1.723593324422836304e-01,-1.340851001441478729e-02
1.334571540355682373e-01,2.902500331401824951e-01
-9.775985032320022583e-02,5.896659567952156067e-02
-8.299010805785655975e-03,9.873909503221511841e-02
-7.239768654108047485e-02,4.616856575012207031e-02
1.332325935363769531e-01,2.900227010250091553e-01
2.459855377674102783e-01,-5.302278399467468262e-01
2.399421855807304382e-02,7.465875148773193359e-02
-5.000920891761779785e-01,2.962450087070465088e-01
-1.066908985376358032e-01,6.565421819686889648e-02
-4.243193194270133972e-02,7.990124821662902832e-02
-7.364304363727569580e-02,8.280722051858901978e-02
1.332857906818389893e-01,2.900502681732177734e-01
-1.088436692953109741e-01,6.133919116109609604e-03
-4.997640848159790039e-01,2.961071133613586426e-01
-7.368928194046020508e-02,-8.583065122365951538e-03
2.508767545223236084e-01,-5.299065113067626953e-01
-1.206308156251907349e-01,4.046016186475753784e-02
1.334220916032791138e-01,2.901911735534667969e-01
8.570288866758346558e-02,2.301388978958129883e-01
-5.389252677559852600e-02,4.611466452479362488e-02
-1.770927198231220245e-02,1.482851803302764893e-01
-3.848955035209655762e-02,-2.111508548259735107e-01
-2.216458618640899658e-01,-4.893004149198532104e-02
-4.997560977935791016e-01,2.959610819816589355e-01
1.332911550998687744e-01,2.900582849979400635e-01
1.332853138446807861e-01,2.900505661964416504e-01
2.453072369098663330e-01,-5.294513702392578125e-01
-9.459473192691802979e-02,6.958112120628356934e-02
1.332917958498001099e-01,2.900582551956176758e-01
-1.002644300460815430e-01,7.465503364801406860e-02
1.292329728603363037e-01,2.845431566238403320e-01
5.508499220013618469e-03,8.245641738176345825e-02
-8.523300290107727051e-02,1.281302794814109802e-02
-5.749265849590301514e-02,3.108008578419685364e-02
2.493179142475128174e-01,-5.294910669326782227e-01
4.101488366723060608e-02,1.878873556852340698e-01
-8.956733345985412598e-02,3.776497673243284225e-03
-1.042950823903083801e-01,6.288828700780868530e-02
-2.385054714977741241e-02,1.308910921216011047e-02
-7.050915062427520752e-02,8.597568608820438385e-03
-3.836516663432121277e-02,-2.117223590612411499e-01
-4.942730814218521118e-02,2.890936471521854401e-02
9.405074268579483032e-02,2.177083343267440796e-01
2.498626559972763062e-01,-5.294626951217651367e-01
-1.356744915246963501e-01,-8.816159330308437347e-03
-7.472839951515197754e-02,-3.590178908780217171e-03
1.518072653561830521e-02,8.439335972070693970e-02
-7.041342556476593018e-02,3.297995403409004211e-02
-4.996823668479919434e-01,2.961523532867431641e-01
-3.839284554123878479e-02,-2.117976099252700806e-01
-5.026417970657348633e-02,1.017264276742935181e-01
-8.764871209859848022e-02,7.103661447763442993e-02
-3.858793526887893677e-02,-2.111406326293945312e-01
-8.452276140451431274e-02,9.378035366535186768e-02
1.332964152097702026e-01,2.900623679161071777e-01
-1.117603257298469543e-01,8.608247339725494385e-02
-9.811651706695556641e-02,7.653779536485671997e-02
1.327027082443237305e-01,2.894020080566406250e-01
2.453842312097549438e-01,-5.296948552131652832e-01
1.334787011146545410e-01,2.902538776397705078e-01
-7.693354785442352295e-02,1.569740287959575653e-02
-3.837255015969276428e-02,-2.116895467042922974e-01
-7.367738336324691772e-02,-8.571543730795383453e-03
2.489962428808212280e-01,-5.354986786842346191e-01
-5.001228451728820801e-01,2.963288724422454834e-01
-3.848034888505935669e-02,-2.111723572015762329e-01
-6.623025238513946533e-02,3.434149175882339478e-02
-8.267773687839508057e-02,4.357038065791130066e-02
3.114097565412521362e-02,7.344229519367218018e-02
-5.674361810088157654e-02,4.036828503012657166e-02
-8.755579590797424316e-02,3.543229028582572937e-02
-1.184876486659049988e-01,6.888555735349655151e-02
-2.059887908399105072e-02,5.006479844450950623e-02
-4.743469506502151489e-02,1.041597127914428711e-01
2.457585781812667847e-01,-5.296794176101684570e-01
-5.147172138094902039e-02,2.158120833337306976e-02
2.492584884166717529e-01,-5.286416411399841309e-01
-3.864675387740135193e-02,-2.111288458108901978e-01
-1.030323058366775513e-01,6.702777743339538574e-02
1.331646442413330078e-01,2.898747920989990234e-01
-8.024091273546218872e-02,8.056055754423141479e-02
-7.238128036260604858e-02,5.368191003799438477e-02
-6.723081320524215698e-02,3.189272712916135788e-03
-7.671312242746353149e-02,9.964974224567413330e-02
1.334885358810424805e-01,2.902681827545166016e-01
1.520252078771591187e-01,3.106316924095153809e-01
-1.107741743326187134e-01,7.915489375591278076e-02
-8.532290905714035034e-02,8.013895153999328613e-02
2.498851120471954346e-01,-5.298020839691162109e-01
-3.842530399560928345e-02,-2.115444093942642212e-01
1.332903355360031128e-01,2.900561690330505371e-01
1.330221891403198242e-01,2.897182404994964600e-01
1.312193572521209717e-01,2.878969609737396240e-01
1.332824081182479858e-01,2.900460660457611084e-01
-8.876809477806091309e-02,6.919988989830017090e-02
-8.463642001152038574e-02,8.990685641765594482e-02
-3.847914189100265503e-02,-2.111706882715225220e-01
-1.332033872604370117e-01,5.857250094413757324e-02
-4.998764991760253906e-01,2.961167991161346436e-01
-1.005725786089897156e-01,7.386030256748199463e-02
-4.912419617176055908e-02,1.175521984696388245e-01
-3.535436838865280151e-02,1.756781339645385742e-02
-3.291321545839309692e-02,6.373517960309982300e-02
-5.271616578102111816e-02,-5.315070971846580505e-02
-7.868207059800624847e-03,9.514719992876052856e-02
-1.321777254343032837e-01,3.998627141118049622e-02
-8.112981170415878296e-02,4.425891488790512085e-02
1.077641639858484268e-02,1.287885159254074097e-01
-1.131694484502077103e-02,3.384078620001673698e-03
-1.001630201935768127e-01,3.463764116168022156e-02
-8.659728616476058960e-02,1.004820242524147034e-01
-6.268057227134704590e-02,7.964584231376647949e-02
1.334817707538604736e-01,2.902673482894897461e-01
2.453438490629196167e-01,-5.296367406845092773e-01
-9.481295943260192871e-02,1.624438911676406860e-02
1.330597996711730957e-01,2.897535562515258789e-01
-7.321771234273910522e-02,6.801950931549072266e-02
2.454603910446166992e-01,-5.297469496726989746e-01
1.334631741046905518e-01,2.902308106422424316e-01
2.453387528657913208e-01,-5.294175148010253906e-01
-4.498292133212089539e-02,3.656917437911033630e-02
-3.842446580529212952e-02,6.476037204265594482e-02
-2.222182601690292358e-01,-4.864592477679252625e-02
1.335497796535491943e-01,2.903424203395843506e-01
-2.213766872882843018e-01,-4.872270300984382629e-02
3.794065851252526045e-04,1.936580426990985870e-02
-7.123539596796035767e-02,-6.278810324147343636e-04
-7.513736933469772339e-02,8.320344239473342896e-02
-3.998792171478271484e-02,1.841087080538272858e-02
-8.467521518468856812e-02,8.985530585050582886e-02
-6.057550013065338135e-02,-5.153220146894454956e-03
1.334508359432220459e-01,2.902267277240753174e-01
-8.620395511388778687e-02,3.297703340649604797e-02
-3.842965140938758850e-02,-2.115680724382400513e-01
-9.537059813737869263e-02,4.539470653980970383e-03
1.332284212112426758e-01,2.899507284164428711e-01
1.552537176758050919e-02,1.210130006074905396e-02
-2.246989160776138306e-01,-5.217904224991798401e-02
7.537438534200191498e-03,1.168821975588798523e-01
-1.090118065476417542e-01,6.962408125400543213e-02
1.335136890411376953e-01,2.902998924255371094e-01
-1.177476197481155396e-01,9.055150672793388367e-03
2.453464865684509277e-01,-5.298299193382263184e-01
2.453312724828720093e-01,-5.294634699821472168e-01
-1.090104803442955017e-01,6.969202309846878052e-02
-2.225293964147567749e-01,-4.873199388384819031e-02
-3.842050954699516296e-02,-2.115705758333206177e-01
-3.847409412264823914e-02,-2.112664133310317993e-01
-3.848228603601455688e-02,-2.111448198556900024e-01
1.328498572111129761e-01,2.912596166133880615e-01
-1.002231612801551819e-01,5.386930704116821289e-02
-2.213792800903320312e-01,-4.872571304440498352e-02
1.330769211053848267e-01,2.897883355617523193e-01
-3.687186911702156067e-02,2.787043526768684387e-02
-1.016908437013626099e-01,5.378265865147113800e-03
-8.275298029184341431e-02,9.779966622591018677e-02
-7.401089370250701904e-02,1.437969040125608444e-02
-3.881981968879699707e-02,-2.103901952505111694e-01
-7.199002057313919067e-02,4.199452325701713562e-02
-9.259313344955444336e-02,6.106645986437797546e-02
-3.961757943034172058e-02,-2.292902767658233643e-01
1.334549486637115479e-01,2.902422547340393066e-01
2.453662455081939697e-01,-5.422571897506713867e-01
-2.660376578569412231e-02,8.028525114059448242e-02
-8.572196960449218750e-02,9.009105712175369263e-02
-8.378043025732040405e-02,6.873696297407150269e-02
1.332881450653076172e-01,2.900532186031341553e-01
-1.184753552079200745e-01,6.866551935672760010e-02
-2.214505672454833984e-01,-4.884132370352745056e-02
-3.902567923069000244e-02,-2.094102054834365845e-01
-1.404853463172912598e-01,4.305144399404525757e-02
-7.669702917337417603e-02,9.446882456541061401e-02
1.332871615886688232e-01,2.900525331497192383e-01
-7.914330065250396729e-02,9.877202659845352173e-02
-5.000931620597839355e-01,2.964783906936645508e-01
-7.677096873521804810e-02,5.689673125743865967e-02
-1.139224544167518616e-01,8.365674316883087158e-02
2.505795359611511230e-01,-5.298578739166259766e-01
-5.010340809822082520e-01,2.969702184200286865e-01
-9.234704077243804932e-02,5.745489150285720825e-03
-1.001109778881072998e-01,8.715452998876571655e-02
1.406059712171554565e-01,2.982828021049499512e-01
1.055534482002258301e-01,2.421869635581970215e-01
5.174644291400909424e-03,1.150384768843650818e-01
-2.079980224370956421e-01,-3.945870697498321533e-02
1.330575942993164062e-01,2.897598445415496826e-01
-1.080855056643486023e-01,1.930719055235385895e-02
1.334856450557708740e-01,2.902722954750061035e-01
-5.804438889026641846e-02,1.150860358029603958e-02
-9.115535765886306763e-02,6.965446472167968750e-02
-4.761116951704025269e-02,1.089584082365036011e-01
-5.341558903455734253e-02,1.318953558802604675e-02
2.527069449424743652e-01,-5.440297722816467285e-01
2.453391999006271362e-01,-5.297048091888427734e-01
2.457811534404754639e-01,-5.296349525451660156e-01
-9.242599830031394958e-03,3.432792052626609802e-02
1.053963676095008850e-01,2.546327114105224609e-01
-8.291352540254592896e-02,7.708750665187835693e-02
-1.481757760047912598e-01,3.233444644138216972e-03
2.498838305473327637e-01,-5.297368764877319336e-01
-7.882578670978546143e-02,7.587035186588764191e-03
1.325720846652984619e-01,2.891716957092285156e-01
-5.203844234347343445e-02,3.222950175404548645e-02
-8.366649597883224487e-02,9.222996234893798828e-02
-2.687517786398530006e-03,9.507168829441070557e-02
1.332643032073974609e-01,2.900403738021850586e-01
1.329841315746307373e-01,2.896713912487030029e-01
-1.139691919088363647e-01,8.366672694683074951e-02
-3.130676969885826111e-02,4.812368005514144897e-02
-2.233406305313110352e-01,-4.943796247243881226e-02
-1.881954669952392578e-01,-2.221659012138843536e-02
2.499339729547500610e-01,-5.296474695205688477e-01
-3.846364468336105347e-02,-2.113340497016906738e-01
1.333911120891571045e-01,2.901510894298553467e-01
2.506980299949645996e-01,-5.297371745109558105e-01
-1.151150017976760864e-01,8.017195761203765869e-02
-3.466806560754776001e-02,3.038975037634372711e-02
-7.305095344781875610e-02,1.483198255300521851e-02
1.333591938018798828e-01,2.901058495044708252e-01
-1.938622631132602692e-02,1.013648584485054016e-01
2.508240938186645508e-01,-5.294815897941589355e-01
-1.739800572395324707e-01,-8.210006169974803925e-03
6.327579915523529053e-02,6.044699624180793762e-02
-1.006484180688858032e-01,4.696736484766006470e-02
5.017197132110595703e-02,5.319278314709663391e-02
1.330625116825103760e-01,2.897756695747375488e-01
-6.720189750194549561e-02,3.141173627227544785e-03
-3.861963748931884766e-02,-2.120882421731948853e-01
1.334405243396759033e-01,2.902193963527679443e-01
-8.941229432821273804e-02,8.608592301607131958e-02
2.505874633789062500e-01,-5.293986797332763672e-01
1.334508359432220459e-01,2.902087569236755371e-01
-9.353666007518768311e-02,6.936800479888916016e-02
1.332904994487762451e-01,2.900569438934326172e-01
-1.437350921332836151e-02,1.121101155877113342e-01
1.336575746536254883e-01,2.904859185218811035e-01
-7.925523072481155396e-02,9.261137992143630981e-02
-1.232823505997657776e-01,4.027570784091949463e-02
-1.058433577418327332e-01,5.326356738805770874e-03
-2.213797271251678467e-01,-4.872420430183410645e-02
2.493156641721725464e-01,-5.311360955238342285e-01
-1.195341721177101135e-01,6.689662486314773560e-02
2.452816367149353027e-01,-5.296306014060974121e-01
-6.734080612659454346e-02,2.015637420117855072e-02
-3.631945699453353882e-02,3.419415280222892761e-02
1.331759244203567505e-01,2.899013459682464600e-01
2.498774230480194092e-01,-5.285490751266479492e-01
-4.070693626999855042e-02,1.190577521920204163e-01
-3.842611238360404968e-02,-2.115467339754104614e-01
2.505970597267150879e-01,-5.296234488487243652e-01
1.334351450204849243e-01,2.902190983295440674e-01
-6.096371263265609741e-02,6.297454237937927246e-02
-6.744812428951263428e-02,8.762497454881668091e-02
2.509319186210632324e-01,-5.295894742012023926e-01
-6.563045829534530640e-02,7.710451632738113403e-02
-8.111295849084854126e-02,4.422705620527267456e-02
1.334685832262039185e-01,2.902352511882781982e-01
-8.892827481031417847e-02,3.382688388228416443e-02
1.330215483903884888e-01,2.897258996963500977e-01
-8.842791616916656494e-02,6.742452830076217651e-02
-4.082575067877769470e-02,2.909775823354721069e-02
-2.087926957756280899e-03,1.999768055975437164e-02
2.508406043052673340e-01,-5.297150611877441406e-01
-3.750503808259963989e-02,-2.146487832069396973e-01
2.510072886943817139e-01,-5.298717617988586426e-01
-1.186192110180854797e-01,3.668108582496643066e-02
-6.545525044202804565e-02,1.858670823276042938e-02
-1.035545840859413147e-01,8.522750437259674072e-02
-4.520488902926445007e-02,9.187628328800201416e-02
2.396997362375259399e-01,-5.458267927169799805e-01
1.331102102994918823e-01,2.897800207138061523e-01
1.349244862794876099e-01,2.918436229228973389e-01
-4.478662461042404175e-02,-1.836179494857788086e-01
-7.118802517652511597e-02,1.014214679598808289e-01
1.333110183477401733e-01,2.901195287704467773e-01
-1.230358183383941650e-01,2.445412799715995789e-02
-1.586543396115303040e-02,6.155556067824363708e-02
-1.121220812201499939e-01,5.393430590629577637e-02
-4.047175869345664978e-02,6.689275056123733521e-02
-3.938725683838129044e-03,9.589173644781112671e-02
1.326550096273422241e-01,2.893326580524444580e-01
-1.220137551426887512e-01,1.253139320760965347e-02
-1.500438600778579712e-01,-4.696565680205821991e-03
-6.719215959310531616e-02,3.145802998915314674e-03
2.499697655439376831e-01,-5.296037197113037109e-01
-4.997448623180389404e-01,2.964016795158386230e-01
-1.249835789203643799e-01,1.709801959805190563e-03
-4.410296678543090820e-02,7.265311479568481445e-02
1.335044801235198975e-01,2.902972400188446045e-01
-1.004954427480697632e-01,8.516179770231246948e-02
-3.848430514335632324e-02,-2.111572325229644775e-01
-5.394640192389488220e-02,-1.035842746496200562e-01
-9.117873013019561768e-02,8.745379000902175903e-02
-3.513806685805320740e-02,8.855119347572326660e-02
2.510756850242614746e-01,-5.299361944198608398e-01
-2.262992560863494873e-01,-5.571577697992324829e-02
-1.063004955649375916e-01,6.234014779329299927e-02
2.508736550807952881e-01,-5.299625396728515625e-01
-2.215619087219238281e-01,-4.882975667715072632e-02
2.453824877738952637e-01,-5.297677516937255859e-01
1.342745572328567505e-01,2.915601730346679688e-01
7.783751352690160275e-04,4.860128089785575867e-02
1.281000375747680664e-01,2.825700640678405762e-01
-9.836725145578384399e-02,8.619668334722518921e-02
2.453222423791885376e-01,-5.298395752906799316e-01
1.332517713308334351e-01,2.900252342224121094e-01
1.334519982337951660e-01,2.902707457542419434e-01
-2.244171686470508575e-02,3.943237289786338806e-02
-1.107185706496238708e-01,9.365138597786426544e-03
-5.000650882720947266e-01,2.961969077587127686e-01
-8.379157632589340210e-02,6.879422068595886230e-02
-8.493544161319732666e-02,8.379052579402923584e-02
-7.840840518474578857e-02,9.948736429214477539e-02
-3.848053142428398132e-02,-2.112070322036743164e-01
-9.576278924942016602e-02,2.569831907749176025e-02
-5.802901834249496460e-02,3.410845994949340820e-02
2.505619227886199951e-01,-5.295947194099426270e-01
2.605156227946281433e-02,8.217578381299972534e-02
-7.351956516504287720e-02,7.696274667978286743e-02
1.332812458276748657e-01,2.900454998016357422e-01
-8.788284659385681152e-02,2.841356024146080017e-02
2.510083317756652832e-01,-5.321572422981262207e-01
4.474156722426414490e-02,1.719709783792495728e-01
-3.839245811104774475e-02,-2.120019495487213135e-01
1.330808550119400024e-01,2.897845208644866943e-01
7.176460325717926025e-02,2.030289918184280396e-01
1.332861781120300293e-01,2.900519669055938721e-01
1.333751976490020752e-01,2.901386022567749023e-01
-1.956795714795589447e-02,-1.867301762104034424e-02
-2.477478608489036560e-02,-2.378783375024795532e-01
-9.890200942754745483e-02,6.653599441051483154e-02
-1.258624196052551270e-01,2.176674082875251770e-02
-1.151116043329238892e-01,1.669299416244029999e-02
-6.368757784366607666e-02,9.272246807813644409e-02
1.323395371437072754e-01,2.888208627700805664e-01
1.367364525794982910e-01,2.942048609256744385e-01
1.349669843912124634e-01,2.926848530769348145e-01
1.332909166812896729e-01,2.900573611259460449e-01
-2.843661420047283173e-02,3.766441345214843750e-02
1.332965940237045288e-01,2.900658547878265381e-01
-6.934826727956533432e-03,1.030624210834503174e-01
-3.718702122569084167e-02,-2.102449685335159302e-01
1.332899630069732666e-01,2.900566756725311279e-01
-6.891997158527374268e-02,1.078773215413093567e-01
-4.885018989443778992e-02,7.940849661827087402e-02
1.390277743339538574e-01,2.967336177825927734e-01
1.388224959373474121e-01,2.967968881130218506e-01
-7.934226840734481812e-02,4.081003367900848389e-02
-9.518063813447952271e-02,8.259342610836029053e-02
2.454557418823242188e-01,-5.297124981880187988e-01
1.294399946928024292e-01,2.847241759300231934e-01
1.332907378673553467e-01,2.900564968585968018e-01
-3.848115727305412292e-02,-2.112096399068832397e-01
2.453264296054840088e-01,-5.297786593437194824e-01
1.647553294897079468e-01,1.818116158246994019e-01
1.332935541868209839e-01,2.900593876838684082e-01
6.078795343637466431e-02,1.621172279119491577e-01
1.397745907306671143e-01,2.977201044559478760e-01
-2.216457426548004150e-01,-4.874421283602714539e-02
-4.408497363328933716e-02,-1.825276911258697510e-01
1.329787075519561768e-01,2.896718680858612061e-01
-1.043108925223350525e-01,9.756634011864662170e-03
-2.406132780015468597e-02,3.822223097085952759e-02
-1.021403744816780090e-01,2.567204833030700684e-02
-1.808281801640987396e-02,-6.034144014120101929e-02
-1.582356728613376617e-02,-8.406861871480941772e-02
2.454014420509338379e-01,-5.290945172309875488e-01
-5.779721215367317200e-02,9.077061712741851807e-02
1.334554105997085571e-01,2.902365028858184814e-01
-7.748144865036010742e-02,9.508837759494781494e-02
-8.520685881376266479e-02,8.378316462039947510e-02
2.454265505075454712e-01,-5.297186970710754395e-01
2.452276200056076050e-01,-5.294539332389831543e-01
-7.477002590894699097e-02,1.369020203128457069e-03
-3.852855041623115540e-02,-2.111524492502212524e-01
-7.306946069002151489e-02,-1.270253770053386688e-02
1.332889348268508911e-01,2.900548875331878662e-01
-8.507206290960311890e-02,8.858762681484222412e-02
1.332922726869583130e-01,2.900592386722564697e-01
1.300596594810485840e-01,2.856419384479522705e-01
-8.960185199975967407e-02,1.254261750727891922e-02
-4.432456195354461670e-02,4.832373932003974915e-02
-7.723974436521530151e-02,3.112467192113399506e-02
-8.382378518581390381e-02,7.892332971096038818e-02
-3.858970478177070618e-02,-2.115109413862228394e-01
-7.227871567010879517e-02,3.284241259098052979e-02
1.334943324327468872e-01,2.902826666831970215e-01
2.699866890907287598e-01,-5.337789654731750488e-01
-8.111216872930526733e-02,4.399995878338813782e-02
-5.869134888052940369e-02,1.252177059650421143e-01
-7.361407577991485596e-02,-9.576545096933841705e-03
-1.292262673377990723e-01,5.410942062735557556e-02
-4.518295824527740479e-02,-1.743891537189483643e-01
-8.884949982166290283e-02,8.115166425704956055e-02
-7.300722599029541016e-02,6.416028738021850586e-02
-8.170366287231445312e-02,7.610216736793518066e-02
-4.020964726805686951e-02,-2.090328484773635864e-01
-8.417488634586334229e-02,1.904945075511932373e-02
-4.998658001422882080e-01,2.961767315864562988e-01
3.384147584438323975e-02,1.498131453990936279e-01
1.332881450653076172e-01,2.900535762310028076e-01
2.557059526443481445e-01,-5.346663594245910645e-01
-4.998813569545745850e-01,2.960723042488098145e-01
1.353348940610885620e-01,2.933730185031890869e-01
-2.542429789900779724e-02,9.102667868137359619e-02
-1.024633720517158508e-01,7.976935058832168579e-02
-4.317957907915115356e-02,8.003614097833633423e-02
-9.790457785129547119e-02,9.496317245066165924e-03
1.331338137388229370e-01,2.898669540882110596e-01
-3.582891449332237244e-02,-8.952047675848007202e-02
-8.588087558746337891e-02,4.980437457561492920e-02
1.334038078784942627e-01,2.901912033557891846e-01
-1.040989235043525696e-01,3.624518215656280518e-02
-7.111552357673645020e-02,1.085064858198165894e-01
-8.699377626180648804e-02,8.417433500289916992e-02
-8.097520470619201660e-02,9.343718737363815308e-02
2.453465312719345093e-01,-5.298342704772949219e-01
2.454560697078704834e-01,-5.297677516937255859e-01
1.325243413448333740e-01,2.889272272586822510e-01
1.447258144617080688e-01,3.002146184444427490e-01
-9.378245472908020020e-02,3.264982253313064575e-02
2.453887760639190674e-01,-5.296693444252014160e-01
-2.503288537263870239e-02,7.006286084651947021e-02
1.334229260683059692e-01,2.901955544948577881e-01
-1.688946038484573364e-02,2.037711627781391144e-02
1.332915276288986206e-01,2.900591492652893066e-01
-9.294877201318740845e-02,9.084650129079818726e-02
-2.213920503854751587e-01,-4.899270460009574890e-02
2.192468754947185516e-02,1.299616098403930664e-01
-5.353945493698120117e-02,2.713935263454914093e-02
-9.740104526281356812e-02,2.886142348870635033e-03
-1.718394085764884949e-02,9.157392382621765137e-02
2.454107999801635742e-01,-5.295742154121398926e-01
1.334125399589538574e-01,2.901812195777893066e-01
2.444755584001541138e-01,-5.288159251213073730e-01
2.459836304187774658e-01,-5.301832556724548340e-01
6.599658727645874023e-02,1.190579384565353394e-01
-9.848908334970474243e-02,8.742440491914749146e-03
-8.593909442424774170e-02,7.583086937665939331e-02
-3.847392275929450989e-02,-2.112310528755187988e-01
-9.120187163352966309e-02,7.804324477910995483e-02
-3.678598627448081970e-02,-4.124503210186958313e-02
1.772199943661689758e-02,1.455757915973663330e-01
7.181559503078460693e-02,2.170848995447158813e-01
-9.696666151285171509e-02,2.251950558274984360e-03
2.508751749992370605e-01,-5.297929644584655762e-01
-6.417948007583618164e-02,8.332787454128265381e-02
-8.508931845426559448e-02,1.596728712320327759e-02
-1.004492565989494324e-01,8.131369203329086304e-02
-1.339625567197799683e-02,8.951167762279510498e-02
-1.014464125037193298e-01,8.898323774337768555e-02
-2.048266492784023285e-02,5.671007186174392700e-02
-2.214147448539733887e-01,-4.867915064096450806e-02
-7.678190618753433228e-02,9.785252809524536133e-02
-3.828411921858787537e-02,-2.111189961433410645e-01
1.332937479019165039e-01,2.900614142417907715e-01
-1.291509866714477539e-01,4.441894590854644775e-02
-5.693606287240982056e-02,3.502322733402252197e-02
-1.785021275281906128e-01,-2.114446647465229034e-02
1.334608197212219238e-01,2.902179956436157227e-01
-5.305037498474121094e-01,3.165792524814605713e-01
-1.051881611347198486e-01,1.556011009961366653e-02
-3.861933201551437378e-02,6.427982822060585022e-03
2.494357377290725708e-01,-5.296193361282348633e-01
-1.156973838806152344e-01,7.297853380441665649e-02
-9.843619167804718018e-02,9.485257323831319809e-04
-1.281361132860183716e-01,6.051482260227203369e-02
-6.242773681879043579e-02,5.024871230125427246e-02
-6.840559095144271851e-02,2.876708470284938812e-02
-7.939510792493820190e-02,5.359563231468200684e-02
1.143327280879020691e-01,2.621673643589019775e-01
-8.841716498136520386e-02,2.938037738204002380e-03
-4.999687373638153076e-01,2.961719036102294922e-01
2.453119903802871704e-01,-5.294520854949951172e-01
2.453673183917999268e-01,-5.296764373779296875e-01
9.308141469955444336e-02,2.384288609027862549e-01
-1.322757801972329617e-03,1.191781088709831238e-01
-8.863472193479537964e-02,5.198889225721359253e-02
-8.475321531295776367e-02,9.004835784435272217e-02
-3.842528909444808960e-02,-2.115558236837387085e-01
-1.055955663323402405e-01,4.108658432960510254e-02
1.339719444513320923e-01,2.889029681682586670e-01
2.500892281532287598e-01,-5.297690629959106445e-01
-8.485335111618041992e-02,9.010040014982223511e-02
-1.018249168992042542e-01,1.696679741144180298e-03
-1.098306551575660706e-01,7.972633838653564453e-02
2.506725192070007324e-01,-5.297326445579528809e-01
-1.062425151467323303e-01,2.205290831625461578e-02
-1.550535559654235840e-01,3.597304224967956543e-03
-3.843478113412857056e-02,-2.115682959556579590e-01
-3.717196732759475708e-02,-2.139315903186798096e-01
-5.328203365206718445e-02,4.642564803361892700e-03
-9.605208039283752441e-02,-1.147757167927920818e-03
2.481856644153594971e-01,-5.304348468780517578e-01
1.333199590444564819e-01,2.900710403919219971e-01
-3.848769143223762512e-02,-2.111596018075942993e-01
-1.019149273633956909e-01,6.428816914558410645e-02
1.334279179573059082e-01,2.901861965656280518e-01
-3.826924785971641541e-02,-2.113893181085586548e-01
-5.598966404795646667e-02,1.415731664746999741e-02
2.505689859390258789e-01,-5.296143293380737305e-01
-4.998499155044555664e-01,2.962312996387481689e-01
-8.295136690139770508e-02,1.536262128502130508e-02
-1.280743628740310669e-01,6.073617935180664062e-02
2.490090876817703247e-01,-5.388197898864746094e-01
1.209227368235588074e-01,2.737610042095184326e-01
-2.981333807110786438e-02,-1.228002831339836121e-01
1.334330886602401733e-01,2.901990413665771484e-01
-6.277828663587570190e-02,1.218726411461830139e-01
-4.739024210721254349e-03,1.081861034035682678e-01
-7.226085662841796875e-02,3.646017238497734070e-02
1.333913654088973999e-01,2.901498377323150635e-01
-1.017795652151107788e-01,4.009067639708518982e-02
-9.584747254848480225e-02,5.890784785151481628e-03
-6.857415288686752319e-02,4.976128414273262024e-02
1.039591655135154724e-01,2.454856485128402710e-01
-3.846660256385803223e-02,-2.113277763128280640e-01
2.505897581577301025e-01,-5.296261906623840332e-01
-9.296154230833053589e-02,9.087022393941879272e-02
-1.107193455100059509e-01,5.438956897705793381e-03
-8.920470625162124634e-02,9.201545268297195435e-03
-3.847684711217880249e-02,-2.111691683530807495e-01
1.332931667566299438e-01,2.900608181953430176e-01
-1.006444245576858521e-01,4.002844542264938354e-02
3.801150713115930557e-03,1.378369182348251343e-01
1.332920789718627930e-01,2.900562584400177002e-01
1.332380622625350952e-01,2.898811697959899902e-01
-3.513774275779724121e-02,-2.278516292572021484e-01
-1.257455348968505859e-01,6.559032946825027466e-02
-8.111299946904182434e-03,5.281231552362442017e-02
-9.051209688186645508e-02,6.597931683063507080e-02
-3.710177168250083923e-02,2.470342442393302917e-02
1.333808004856109619e-01,2.901433110237121582e-01
1.334881484508514404e-01,2.902697324752807617e-01
2.453302294015884399e-01,-5.296639800071716309e-01
-6.122936308383941650e-02,1.919161342084407806e-02
-1.904669217765331268e-02,7.033223286271095276e-03
-3.860089555382728577e-02,3.743179608136415482e-03
-3.847934305667877197e-02,-2.112088650465011597e-01
-4.998758137226104736e-01,2.957949638366699219e-01
-8.976826816797256470e-02,3.206068649888038635e-02
2.506959140300750732e-01,-5.298916101455688477e-01
-2.002074383199214935e-02,6.204826384782791138e-02
2.452752143144607544e-01,-5.294314026832580566e-01
-1.019112542271614075e-01,5.364013370126485825e-03
-4.276449978351593018e-02,9.229914098978042603e-02
-4.997681677341461182e-01,2.960877716541290283e-01
-9.524842351675033569e-02,8.293562568724155426e-03
2.453458309173583984e-01,-5.298458933830261230e-01
-2.220533937215805054e-01,-4.902857169508934021e-02
2.454564571380615234e-01,-5.297144651412963867e-01
2.456246614456176758e-01,-5.287307500839233398e-01
-3.827790543437004089e-02,-2.114678472280502319e-01
2.453075349330902100e-01,-5.294346213340759277e-01
-1.049153208732604980e-01,1.072863582521677017e-02
2.452455312013626099e-01,-5.298506021499633789e-01
-8.046909421682357788e-02,-1.612425409257411957e-02
1.332921832799911499e-01,2.900574207305908203e-01
-4.997757673263549805e-01,2.961118221282958984e-01
-4.298035055398941040e-02,-1.559978723526000977e-01
-4.991823732852935791e-01,2.963121831417083740e-01
-7.421510666608810425e-02,7.107922434806823730e-02
-7.285846397280693054e-03,8.086574822664260864e-02
-5.907794460654258728e-02,1.042666360735893250e-01
1.205534860491752625e-01,2.732877135276794434e-01
-5.386411398649215698e-02,3.729728981852531433e-02
1.332868784666061401e-01,2.900511324405670166e-01
-7.080598175525665283e-02,9.757096320390701294e-02
2.453756332397460938e-01,-5.295251607894897461e-01
1.334505528211593628e-01,2.902259826660156250e-01
-2.087752101942896843e-03,9.962287545204162598e-02
-7.306592166423797607e-02,-3.115070052444934845e-03
-6.296841800212860107e-02,8.642256259918212891e-02
-1.004597246646881104e-01,5.298826098442077637e-02
1.333267986774444580e-01,2.901102006435394287e-01
2.463185191154479980e-01,-5.284137129783630371e-01
1.334612518548965454e-01,2.902425825595855713e-01
-6.272108107805252075e-02,-6.656921003013849258e-03
2.453422546386718750e-01,-5.296745300292968750e-01
-1.020512282848358154e-01,5.525375902652740479e-02
2.499532848596572876e-01,-5.296002626419067383e-01
2.266944199800491333e-02,1.195166334509849548e-01
-5.002015829086303711e-01,2.963748276233673096e-01
-7.177322357892990112e-02,-1.504794228821992874e-02
-1.532720625400543213e-01,-2.903124783188104630e-03
-3.842939063906669617e-02,-2.115606814622879028e-01
-8.109772950410842896e-02,4.418453574180603027e-02
-8.916043490171432495e-02,9.367018193006515503e-02
1.874424517154693604e-01,-2.888804972171783447e-01
-3.792832605540752411e-03,-2.635717391967773438e-03
2.505884766578674316e-01,-5.296225547790527344e-01
-1.109611764550209045e-01,3.440350666642189026e-02
-9.958051145076751709e-02,8.427166193723678589e-02
-2.719322405755519867e-02,4.788671806454658508e-02
-4.997867047786712646e-01,2.962524592876434326e-01
-2.214662283658981323e-01,-4.882287234067916870e-02
-8.847964555025100708e-02,9.143886715173721313e-02
-2.209599614143371582e-01,-4.847585409879684448e-02
2.453732043504714966e-01,-5.298773050308227539e-01
1.332778930664062500e-01,2.900488674640655518e-01
-2.539119310677051544e-02,8.668015897274017334e-02
-5.003929734230041504e-01,2.960624992847442627e-01
-4.996334910392761230e-01,2.959979176521301270e-01
1.319763064384460449e-01,2.883375585079193115e-01
2.242270112037658691e-02,4.785845801234245300e-02
-8.384309709072113037e-02,1.602018810808658600e-02
-8.372260630130767822e-02,2.819863380864262581e-03
-1.222171038389205933e-01,2.197066508233547211e-02
-3.084283322095870972e-02,-2.194854319095611572e-01
-7.767912745475769043e-02,4.141495749354362488e-02
-4.999666661024093628e-02,4.903931915760040283e-02
2.497705519199371338e-01,-5.286100506782531738e-01
-8.482329547405242920e-02,9.017299860715866089e-02
-7.221294194459915161e-02,-4.516473039984703064e-03
2.509527504444122314e-01,-5.299897789955139160e-01
1.332757472991943359e-01,2.900429666042327881e-01
-9.289114177227020264e-02,9.280502796173095703e-03
2.453467845916748047e-01,-5.296778082847595215e-01
-4.994841516017913818e-01,2.958911359310150146e-01
