-4.859445244073867798e-02,-5.805933102965354919e-02
1.199592500925064087e-01,-9.188523888587951660e-02
4.477629065513610840e-02,6.128703951835632324e-01
1.634576916694641113e-01,4.569609090685844421e-02
1.722880154848098755e-01,5.855002254247665405e-02
1.125742495059967041e-01,-6.306251138448715210e-02
1.287512946873903275e-02,-9.807652235031127930e-02
4.651889204978942871e-02,6.817709803581237793e-01
9.628954343497753143e-03,4.330342411994934082e-01
1.627922989428043365e-02,-2.457548305392265320e-02
-2.500828504562377930e-01,-2.748564351350069046e-03
9.870994836091995239e-02,-1.101888343691825867e-01
9.245269745588302612e-02,-1.446016281843185425e-01
1.109977290034294128e-01,-7.537291944026947021e-02
6.404065489768981934e-01,1.895535588264465332e-01
4.602981731295585632e-02,-4.104727134108543396e-02
-2.953859977424144745e-02,2.772594690322875977e-01
5.230252146720886230e-01,-5.136417746543884277e-01
3.869403898715972900e-02,6.803381443023681641e-01
3.348768875002861023e-02,5.618629455566406250e-01
7.812850922346115112e-02,-8.581212162971496582e-02
1.018881350755691528e-01,-1.962432563304901123e-01
-5.986951589584350586e-01,-6.719773262739181519e-02
6.400071978569030762e-01,1.904182583093643188e-01
1.073472648859024048e-01,-6.962420046329498291e-02
-1.142982393503189087e-01,2.149234861135482788e-01
4.642975330352783203e-02,6.816999316215515137e-01
1.022491306066513062e-01,-5.768606439232826233e-02
1.260171458125114441e-02,4.521476924419403076e-01
1.439085304737091064e-01,-1.490728184580802917e-02
1.417022664099931717e-02,4.411168992519378662e-01
5.016528367996215820e-01,-4.957968890666961670e-01
1.635422110557556152e-01,4.130014777183532715e-02
7.057465147227048874e-03,-9.614095836877822876e-02
3.188787400722503662e-02,5.552020072937011719e-01
5.891094356775283813e-02,-2.460446208715438843e-01
-1.994397938251495361e-01,3.773871064186096191e-02
-1.132119540125131607e-02,-1.760020703077316284e-01
4.786567762494087219e-02,6.897051334381103516e-01
-5.514013767242431641e-01,-8.054342120885848999e-02
3.437387943267822266e-02,5.681027770042419434e-01
1.074594557285308838e-01,-1.113300547003746033e-01
-5.559365153312683105e-01,-7.350871711969375610e-02
9.176552295684814453e-03,-2.094687968492507935e-01
9.768017381429672241e-02,9.479686850681900978e-04
-1.457244344055652618e-02,-4.117582440376281738e-01
5.460778996348381042e-02,-6.845033168792724609e-02
1.310552377253770828e-02,4.201694130897521973e-01
-2.618821859359741211e-01,-7.752933073788881302e-03
4.588705301284790039e-02,6.743623018264770508e-01
6.286653131246566772e-02,-2.252551019191741943e-01
9.503973275423049927e-02,5.428947508335113525e-02
-2.727442979812622070e-01,1.595836281776428223e-01
-2.128706546500325203e-03,-3.083822727203369141e-01
8.410365879535675049e-02,-3.058972768485546112e-02
5.136191248893737793e-01,-5.055359005928039551e-01
6.635067462921142578e-01,2.004859000444412231e-01
3.493550419807434082e-02,5.691026449203491211e-01
-2.963709121104329824e-04,4.222280085086822510e-01
9.913364052772521973e-02,-6.212230771780014038e-02
4.099867492914199829e-02,6.056241393089294434e-01
-3.931341320276260376e-02,1.831965520977973938e-02
1.087711285799741745e-02,-1.347715258598327637e-01
3.656322881579399109e-02,5.827805995941162109e-01
-6.358316540718078613e-01,-6.580220162868499756e-02
6.899641454219818115e-02,3.133879229426383972e-02
4.712461680173873901e-02,-1.094521731138229370e-01
5.054231882095336914e-01,-4.987007379531860352e-01
-1.022072881460189819e-01,-2.238879166543483734e-02
7.901521027088165283e-02,-1.197565998882055283e-02
1.429361701011657715e-01,-2.879907786846160889e-01
4.836460053920745850e-01,-4.798486232757568359e-01
5.136237144470214844e-01,-5.061669349670410156e-01
5.144950374960899353e-02,-1.742173731327056885e-01
9.136964380741119385e-02,-1.947518885135650635e-01
-7.210289239883422852e-01,-5.999136343598365784e-02
5.678392946720123291e-02,-3.135318458080291748e-01
3.508725762367248535e-02,-1.175632476806640625e-01
6.598012149333953857e-02,-6.640034914016723633e-02
4.107637703418731689e-02,2.802082598209381104e-01
4.221798479557037354e-01,5.066494345664978027e-01
3.811642527580261230e-02,5.964733362197875977e-01
8.866300433874130249e-02,-4.180948808789253235e-02
9.115071892738342285e-01,-2.441374361515045166e-01
-1.371318101882934570e-01,8.947163820266723633e-02
7.210410386323928833e-02,-4.689817875623703003e-02
4.643656685948371887e-02,6.845821738243103027e-01
1.028824895620346069e-01,-7.019326090812683105e-02
7.705492526292800903e-02,-7.184439897537231445e-02
2.385109513998031616e-01,-9.140557050704956055e-02
-3.890717029571533203e-01,-5.833901092410087585e-02
8.405991643667221069e-02,-7.502403110265731812e-02
-5.443210005760192871e-01,-8.616429567337036133e-02
1.242685019969940186e-01,-4.164778441190719604e-02
-1.877672374248504639e-01,4.561788961291313171e-02
1.409102976322174072e-01,8.740290999412536621e-02
2.103761285543441772e-01,-2.995556890964508057e-01
2.029777131974697113e-02,-1.035574972629547119e-01
-1.310819666832685471e-02,-4.044171571731567383e-01
7.630936056375503540e-02,-3.310597967356443405e-03
1.348840892314910889e-01,-1.844369620084762573e-01
-1.317104324698448181e-03,4.116884469985961914e-01
1.008390784263610840e-01,-9.413573890924453735e-02
-4.228239953517913818e-01,5.193909406661987305e-01
-6.819577813148498535e-01,-1.291500627994537354e-01
-6.464850157499313354e-03,-1.391240358352661133e-01
6.286782771348953247e-02,1.380974948406219482e-01
-2.421065047383308411e-02,-1.918108314275741577e-01
8.797270059585571289e-02,-7.968565821647644043e-02
1.487921923398971558e-01,-2.263616919517517090e-01
4.788869246840476990e-02,-2.456774115562438965e-01
4.633946716785430908e-02,-1.214840784668922424e-01
6.232476606965065002e-02,-2.743085846304893494e-03
3.385400772094726562e-02,5.576232075691223145e-01
-1.504128128290176392e-01,-8.812363147735595703e-01
-5.428211688995361328e-01,-8.800358325242996216e-02
-6.297576427459716797e-01,-6.669448018074035645e-01
-5.985069274902343750e-01,-1.789572685956954956e-01
1.859930460341274738e-03,4.179399013519287109e-01
2.137757465243339539e-02,4.704160988330841064e-01
-4.470376968383789062e-01,-7.014391571283340454e-02
-4.187025427818298340e-01,-8.291857838630676270e-01
8.537396788597106934e-02,-6.247135996818542480e-02
-5.616834759712219238e-01,-7.440409809350967407e-02
6.676954030990600586e-02,-6.349448114633560181e-02
4.983852505683898926e-01,-4.927496910095214844e-01
1.110222041606903076e-01,-4.120233468711376190e-03
4.063257202506065369e-02,5.906405448913574219e-01
-1.147481203079223633e-01,-1.386949568986892700e-01
1.632478982210159302e-01,6.200105324387550354e-02
1.286002397537231445e-01,-2.090377267450094223e-03
-4.149122163653373718e-02,-9.265614300966262817e-02
5.183758139610290527e-01,-5.096207857131958008e-01
-3.553194403648376465e-01,-4.979671165347099304e-02
8.730643242597579956e-02,-7.839597016572952271e-02
-8.886455744504928589e-02,-1.264038532972335815e-01
5.946899205446243286e-02,-2.025224715471267700e-01
2.673096209764480591e-02,5.328713655471801758e-01
-1.172601133584976196e-01,-1.124006286263465881e-01
5.192593336105346680e-01,-5.104247331619262695e-01
9.215750545263290405e-02,-8.360449224710464478e-02
9.965991601347923279e-03,4.663867652416229248e-01
5.932949110865592957e-02,-6.152639165520668030e-02
-6.198795437812805176e-01,-6.437544524669647217e-02
4.518363624811172485e-02,-2.745039761066436768e-01
-5.068840831518173218e-02,2.952747941017150879e-01
1.539644785225391388e-02,-3.775271773338317871e-01
-9.910791367292404175e-02,-1.767665594816207886e-01
2.205580286681652069e-02,5.196670293807983398e-01
-4.980566203594207764e-01,-1.150026619434356689e-01
1.258785873651504517e-01,-2.746676504611968994e-01
3.359925746917724609e-02,5.649809241294860840e-01
1.244386099278926849e-02,2.844464182853698730e-01
-1.112095266580581665e-02,-3.999857306480407715e-01
1.440169215202331543e-01,-2.297493666410446167e-01
2.917084097862243652e-02,5.262994170188903809e-01
8.208923041820526123e-02,-4.851404111832380295e-03
-5.588553547859191895e-01,-7.318953424692153931e-02
1.329584419727325439e-01,-2.650249302387237549e-01
6.832253187894821167e-02,-1.935987025499343872e-01
5.074869990348815918e-01,-5.008751153945922852e-01
5.056278705596923828e-01,-4.994611442089080811e-01
2.691255696117877960e-02,5.154951214790344238e-01
4.316861927509307861e-02,6.488778591156005859e-01
-5.609658956527709961e-01,-8.837246149778366089e-02
1.278532743453979492e-01,-2.521720901131629944e-02
1.045386567711830139e-01,-2.511900663375854492e-01
2.525039575994014740e-02,5.189871788024902344e-01
4.630656540393829346e-02,6.810004115104675293e-01
-2.029348909854888916e-01,1.429753601551055908e-01
7.807017117738723755e-02,-2.022881060838699341e-01
2.543224692344665527e-01,-2.734874784946441650e-01
3.473639488220214844e-02,5.691077709197998047e-01
9.702397882938385010e-02,-2.233247272670269012e-02
-6.614782214164733887e-01,-6.536122411489486694e-02
1.491008400917053223e-01,-2.406308948993682861e-01
2.483472600579261780e-02,2.163038998842239380e-01
2.722691185772418976e-02,5.169042348861694336e-01
7.133741019060835242e-05,4.021954238414764404e-01
-2.535337209701538086e-02,-9.188146889209747314e-02
5.813438445329666138e-02,-2.500966191291809082e-01
-1.420402824878692627e-01,-6.954454630613327026e-02
4.640145227313041687e-02,6.811748743057250977e-01
7.700025290250778198e-02,-6.722288578748703003e-02
5.018144845962524414e-02,-6.495223939418792725e-02
2.544599585235118866e-02,-1.546253114938735962e-01
-4.884907305240631104e-01,-7.201059162616729736e-02
-5.428344011306762695e-01,-8.459434658288955688e-02
1.352063417434692383e-01,-2.761829495429992676e-01
-5.267690420150756836e-01,-9.877403825521469116e-02
4.823773503303527832e-01,-4.782082140445709229e-01
-4.077370762825012207e-01,-6.636508554220199585e-02
-5.977373719215393066e-01,-1.787525862455368042e-01
4.717111587524414062e-02,6.867641806602478027e-01
2.783734165132045746e-02,5.163609981536865234e-01
4.641961306333541870e-02,6.818944215774536133e-01
3.077552467584609985e-02,-1.727063208818435669e-01
4.775558710098266602e-01,-4.828567504882812500e-01
-1.854339241981506348e-01,2.634998969733715057e-02
4.200886562466621399e-02,-8.930817991495132446e-02
-5.986400246620178223e-01,-1.791864633560180664e-01
1.171122491359710693e-01,-1.252088248729705811e-01
1.350177079439163208e-01,-1.762694716453552246e-01
9.953076392412185669e-02,-1.777271032333374023e-01
6.404889374971389771e-02,-5.845251306891441345e-02
-6.724091172218322754e-01,-6.772314012050628662e-02
5.962245166301727295e-02,-2.034880816936492920e-01
-1.725023612380027771e-02,3.725804686546325684e-01
-5.979154706001281738e-01,-1.786784231662750244e-01
-2.251304127275943756e-02,-5.138186216354370117e-01
-6.717951893806457520e-01,-6.801192462444305420e-02
3.308553621172904968e-02,5.414204001426696777e-01
5.155924707651138306e-03,-3.426366150379180908e-01
-1.603101193904876709e-01,-7.159162759780883789e-01
-4.996818006038665771e-01,-9.265335649251937866e-02
5.532357841730117798e-02,-6.671702116727828979e-02
8.154851384460926056e-03,-2.955250442028045654e-01
-2.197478897869586945e-02,-2.066791802644729614e-01
-5.473784208297729492e-01,-1.018468812108039856e-01
-4.227537810802459717e-01,5.191708207130432129e-01
5.012667179107666016e-01,-4.954584538936614990e-01
1.647956073284149170e-01,2.173503115773200989e-02
-2.351403422653675079e-02,-5.153489708900451660e-01
9.619269520044326782e-02,-2.094206959009170532e-01
4.322065114974975586e-01,4.781747758388519287e-01
1.294763684272766113e-01,9.439673274755477905e-03
-2.479813992977142334e-02,5.260038375854492188e-02
-4.326170776039361954e-03,-1.558001190423965454e-01
-1.276627480983734131e-01,1.989101320505142212e-01
5.174921751022338867e-01,-5.087885260581970215e-01
1.413244754076004028e-01,-2.526800036430358887e-01
7.321822643280029297e-02,-7.125573605298995972e-02
4.114073514938354492e-02,6.011419296264648438e-01
-1.004084423184394836e-01,-9.693676233291625977e-02
-1.128986850380897522e-02,-1.509198695421218872e-01
7.444613426923751831e-02,-7.028505951166152954e-02
-3.006402775645256042e-02,1.986335776746273041e-02
5.136694759130477905e-02,-9.520366787910461426e-02
9.073486179113388062e-02,-3.369605913758277893e-02
5.947739630937576294e-02,-2.449454218149185181e-01
2.507727220654487610e-02,5.070074796676635742e-01
5.487752333283424377e-02,-7.239973545074462891e-02
1.730617731809616089e-01,4.586500301957130432e-02
-1.179934386163949966e-02,3.775212466716766357e-01
4.734606146812438965e-01,-4.716500937938690186e-01
7.728431373834609985e-02,-5.010768398642539978e-02
1.362614631652832031e-01,-2.843626439571380615e-01
4.965970218181610107e-01,-4.914320111274719238e-01
8.703538030385971069e-02,-8.352248370647430420e-02
-5.177342295646667480e-01,-2.281174510717391968e-01
2.091613411903381348e-02,-2.030442655086517334e-01
-9.751859307289123535e-02,-1.482234988361597061e-02
-1.130566745996475220e-01,-1.402139514684677124e-01
1.670479923486709595e-01,-2.805804014205932617e-01
4.856991395354270935e-02,7.010380625724792480e-01
8.109834790229797363e-02,-3.891532868146896362e-02
3.191816434264183044e-02,5.507007241249084473e-01
2.063450776040554047e-02,4.646090865135192871e-01
1.755190491676330566e-01,-1.592493504285812378e-01
-6.931521296501159668e-01,-1.373935788869857788e-01
4.626407846808433533e-02,6.821590662002563477e-01
4.641485586762428284e-02,6.804156899452209473e-01
1.202615723013877869e-01,-2.928484976291656494e-01
7.244618982076644897e-02,-2.267990857362747192e-01
3.697605431079864502e-02,5.885476469993591309e-01
8.366148173809051514e-02,-2.594675719738006592e-01
4.572210088372230530e-02,6.726772189140319824e-01
-1.903294622898101807e-01,-1.034707165672443807e-04
3.523517027497291565e-02,-4.192774742841720581e-02
6.182676181197166443e-02,-4.617308825254440308e-02
-1.289885342121124268e-01,-2.158421277999877930e-02
4.828666523098945618e-02,-8.813069015741348267e-02
4.547611474990844727e-01,-4.523971974849700928e-01
4.312521219253540039e-02,-4.795610159635543823e-02
-9.784975647926330566e-02,-9.727124124765396118e-02
4.702106490731239319e-02,-1.158234924077987671e-01
1.691359281539916992e-01,-2.340548634529113770e-01
-5.325841307640075684e-01,-1.114572286605834961e-01
7.897010445594787598e-02,-5.296602845191955566e-02
4.297388717532157898e-02,6.411227583885192871e-01
4.805223047733306885e-01,-4.773681759834289551e-01
-7.233085632324218750e-01,-5.974917486310005188e-02
-4.467816352844238281e-01,-7.425753772258758545e-02
7.956418395042419434e-02,-8.980836719274520874e-02
-4.919112622737884521e-01,-9.074516594409942627e-02
-2.324625104665756226e-02,-5.155218839645385742e-01
2.080221921205520630e-01,-1.564067304134368896e-01
-6.944243907928466797e-01,-1.486519575119018555e-01
4.566063880920410156e-01,-4.544449448585510254e-01
6.439294219017028809e-01,-4.820371270179748535e-01
4.583235457539558411e-02,6.743689179420471191e-01
8.729686029255390167e-03,-1.664786934852600098e-01
5.022230744361877441e-01,-4.957613646984100342e-01
3.466508537530899048e-02,5.690903067588806152e-01
-1.551851816475391388e-02,4.577441141009330750e-02
-6.590632796287536621e-01,-9.658221155405044556e-02
6.394689679145812988e-01,1.907322704792022705e-01
-6.713621616363525391e-01,-6.790500879287719727e-02
3.652004897594451904e-02,5.924411416053771973e-01
1.763400733470916748e-01,-1.375940144062042236e-01
3.573906794190406799e-02,-5.649830773472785950e-02
2.240269072353839874e-02,-2.327968776226043701e-01
-8.651576191186904907e-02,-3.811044152826070786e-03
3.388058394193649292e-02,5.574603080749511719e-01
-6.722949147224426270e-01,-6.788431853055953979e-02
-4.228139519691467285e-01,5.191190242767333984e-01
6.465870141983032227e-02,-6.057064607739448547e-02
-6.012352555990219116e-02,-5.801252722740173340e-01
2.866330929100513458e-02,-6.285389512777328491e-02
5.226632952690124512e-01,-5.133500695228576660e-01
3.187526017427444458e-02,5.552908182144165039e-01
1.103838067501783371e-02,3.635367751121520996e-01
9.645479172468185425e-02,-1.287954743020236492e-03
6.217265725135803223e-01,4.890515804290771484e-01
1.316216122359037399e-02,-2.238231003284454346e-01
-1.814534068107604980e-01,5.506238713860511780e-02
7.280568778514862061e-02,-1.662887632846832275e-01
1.694269478321075439e-01,5.076399818062782288e-02
-1.030254643410444260e-02,-1.657787114381790161e-01
1.438335478305816650e-01,-1.136427596211433411e-01
4.323343038558959961e-01,4.782793223857879639e-01
-2.648683488368988037e-01,1.839827932417392731e-02
-2.094862908124923706e-01,1.600050367414951324e-02
5.369481071829795837e-02,-1.286145299673080444e-01
2.864951454102993011e-02,5.627040266990661621e-01
-1.978716440498828888e-02,-3.965641260147094727e-01
-6.851360797882080078e-01,-6.635336577892303467e-02
-6.051269173622131348e-02,2.500351667404174805e-01
7.765511423349380493e-02,-5.215096473693847656e-02
1.779362410306930542e-01,-1.376072168350219727e-01
3.361805900931358337e-02,5.868768095970153809e-01
3.100980073213577271e-02,-1.115790009498596191e-01
1.236362978816032410e-01,-2.509919740259647369e-02
3.721036761999130249e-02,5.791592001914978027e-01
-6.754922270774841309e-01,-1.377455294132232666e-01
-1.683958922512829304e-03,4.221784770488739014e-01
8.948590606451034546e-02,-7.773294299840927124e-02
1.403651982545852661e-01,-1.481477767229080200e-01
3.875556588172912598e-02,6.270181536674499512e-01
-5.979201197624206543e-01,-1.785633414983749390e-01
4.325426220893859863e-01,4.781332314014434814e-01
7.773207128047943115e-02,2.131565064191818237e-01
-5.395793821662664413e-03,1.202701628208160400e-01
5.583184957504272461e-02,-1.430219709873199463e-01
-1.669805310666561127e-02,-4.666095972061157227e-01
2.939561754465103149e-02,-5.975107848644256592e-02
1.542696915566921234e-02,4.434904456138610840e-01
5.097136497497558594e-01,-5.023914575576782227e-01
8.333178237080574036e-03,2.618162333965301514e-01
4.546322673559188843e-02,-1.299757063388824463e-01
4.455975815653800964e-02,6.513020396232604980e-01
1.699777841567993164e-01,5.619171261787414551e-02
3.662661835551261902e-02,5.932918190956115723e-01
4.604697600007057190e-02,-6.878702342510223389e-02
-5.778424739837646484e-01,-1.684807837009429932e-01
8.704362809658050537e-02,-8.353003114461898804e-02
2.103459648787975311e-02,-3.424003422260284424e-01
1.846042126417160034e-01,-5.555382370948791504e-02
5.586602538824081421e-02,-1.916173696517944336e-01
-1.000068932771682739e-01,-9.356369823217391968e-02
6.163688376545906067e-02,-1.356575191020965576e-01
-3.831591084599494934e-02,-1.708239167928695679e-01
4.935109019279479980e-01,-4.891934096813201904e-01
-5.127304792404174805e-01,-7.008850574493408203e-02
-5.026381015777587891e-01,-7.834282517433166504e-02
-6.204370260238647461e-01,-1.891028732061386108e-01
1.398438215255737305e-01,-2.930575907230377197e-01
5.803402513265609741e-02,-2.500716149806976318e-01
-1.142966598272323608e-01,-5.310423672199249268e-02
1.436063349246978760e-01,1.467833109200000763e-02
-2.534727379679679871e-02,-1.795739680528640747e-01
1.556441336870193481e-01,-6.898773461580276489e-02
4.836587980389595032e-02,-1.583325117826461792e-01
1.242121756076812744e-01,8.960188180208206177e-02
9.461048990488052368e-03,-8.262097835540771484e-02
-2.310547512024641037e-03,-3.116368055343627930e-01
-5.065321922302246094e-02,3.126711249351501465e-01
-1.882762759923934937e-01,-9.384326636791229248e-02
2.580811269581317902e-02,-9.683166444301605225e-02
1.522198785096406937e-02,4.389940798282623291e-01
9.181933850049972534e-02,-8.456527255475521088e-03
1.197299063205718994e-01,-1.879869103431701660e-01
1.944963037967681885e-01,-2.542519941926002502e-02
-8.753342181444168091e-02,-3.606241941452026367e-02
5.137524604797363281e-01,-5.060858130455017090e-01
-2.108336687088012695e-01,-3.144994750618934631e-02
9.434182941913604736e-02,-1.831074245274066925e-02
-1.628975123167037964e-01,5.524737387895584106e-02
4.631924331188201904e-01,-4.716920256614685059e-01
1.326461583375930786e-01,-2.823964357376098633e-01
-9.566734731197357178e-02,5.438903719186782837e-02
4.640853032469749451e-02,6.812707185745239258e-01
6.581746786832809448e-02,-6.667542457580566406e-02
5.107166171073913574e-01,-5.031278133392333984e-01
5.253879427909851074e-01,-4.687989056110382080e-01
4.326007068157196045e-01,4.779638051986694336e-01
4.481304809451103210e-02,-5.073204264044761658e-02
4.871116578578948975e-02,-5.940472707152366638e-02
1.185853853821754456e-01,-7.219843864440917969e-01
5.288582667708396912e-02,-1.506068408489227295e-01
1.647364199161529541e-01,4.351757094264030457e-02
1.129398941993713379e-01,-2.539267241954803467e-01
8.178104460239410400e-02,-8.394815772771835327e-02
5.172519683837890625e-01,-5.086695551872253418e-01
4.590494185686111450e-02,-2.085588425397872925e-01
-4.167066887021064758e-02,-1.368878632783889771e-01
4.320818483829498291e-01,4.777011275291442871e-01
2.648602239787578583e-02,5.143825411796569824e-01
5.461601614952087402e-01,1.536920517683029175e-01
-2.340735793113708496e-01,-1.544261630624532700e-02
-5.059349536895751953e-01,-9.678200632333755493e-02
1.685408316552639008e-02,-3.404286205768585205e-01
4.580055177211761475e-02,6.745978593826293945e-01
-2.287017554044723511e-02,-5.140367150306701660e-01
5.610871315002441406e-02,4.559247195720672607e-02
-4.226753115653991699e-01,5.193313956260681152e-01
3.071152977645397186e-02,5.523616075515747070e-01
1.082274466753005981e-01,-2.779426276683807373e-01
1.393094211816787720e-01,-2.881253957748413086e-01
-9.745365381240844727e-02,2.847266495227813721e-01
-1.127118989825248718e-01,-1.398792117834091187e-01
3.872606158256530762e-02,-1.899681538343429565e-01
1.285063922405242920e-01,-2.368520647287368774e-01
9.939797967672348022e-02,-2.158185690641403198e-01
2.574137179180979729e-03,-2.187515944242477417e-01
-9.411280602216720581e-02,-4.520716145634651184e-02
3.671147394925355911e-03,-1.608382314443588257e-01
4.307226836681365967e-02,6.470062136650085449e-01
4.916661232709884644e-02,-9.987774491310119629e-02
8.452606946229934692e-02,-6.483143568038940430e-02
-7.766802608966827393e-02,-1.245946958661079407e-01
1.263387203216552734e-01,-1.342929601669311523e-01
9.329793602228164673e-02,-2.476438283920288086e-01
8.767261356115341187e-02,-7.424926757812500000e-02
2.008212916553020477e-02,-4.418427497148513794e-02
-2.370731346309185028e-02,-5.289243459701538086e-01
-8.966206759214401245e-02,-7.068878412246704102e-02
-6.046036481857299805e-01,-6.572875380516052246e-02
1.188687980175018311e-01,-7.969815284013748169e-02
4.696401208639144897e-02,6.837410330772399902e-01
4.696328938007354736e-02,6.849049329757690430e-01
-5.471991002559661865e-02,1.503953337669372559e-02
-5.484696626663208008e-01,-7.048066705465316772e-02
1.339103728532791138e-01,-2.869755923748016357e-01
-1.081042587757110596e-01,-3.236334025859832764e-02
-5.106827244162559509e-02,-8.468715101480484009e-02
2.567017450928688049e-02,5.068079829216003418e-01
6.893297284841537476e-02,-2.490943074226379395e-01
-5.998893976211547852e-01,-1.816046684980392456e-01
2.867259085178375244e-02,-3.313248455524444580e-01
4.965461790561676025e-01,-4.912509620189666748e-01
1.241079792380332947e-01,-1.466048043221235275e-02
-4.048021510243415833e-02,-1.726655513048171997e-01
-5.714637041091918945e-01,-1.680407375097274780e-01
1.927412152290344238e-01,-1.620578616857528687e-01
1.060705184936523438e-01,-1.160781681537628174e-01
1.406625807285308838e-01,3.708671312779188156e-03
1.530197113752365112e-01,-1.631460487842559814e-01
2.815605886280536652e-02,-1.012623906135559082e-01
3.452924638986587524e-02,-1.017922684550285339e-01
3.817587345838546753e-02,-2.051130831241607666e-01
5.193760395050048828e-01,-5.102518200874328613e-01
1.691001653671264648e-01,5.354034528136253357e-02
1.316360384225845337e-01,-2.608833014965057373e-01
1.094035506248474121e-01,-1.467699408531188965e-01
-6.110258102416992188e-01,-1.837351918220520020e-01
2.185665443539619446e-02,3.066359162330627441e-01
8.767700195312500000e-02,-7.426077872514724731e-02
-7.001888006925582886e-02,-1.561356615275144577e-02
-5.369903445243835449e-01,-9.589070826768875122e-02
7.624381780624389648e-02,-7.192601263523101807e-02
5.194187164306640625e-01,-5.106684565544128418e-01
4.981930851936340332e-01,-4.926649928092956543e-01
-4.227843284606933594e-01,5.193244218826293945e-01
9.784232825040817261e-02,-6.120153889060020447e-02
1.227143406867980957e-02,4.557147324085235596e-01
3.383887931704521179e-02,5.574769377708435059e-01
8.871823549270629883e-03,-1.477210819721221924e-01
-6.720865964889526367e-01,-6.772734224796295166e-02
4.729543328285217285e-01,-4.706129729747772217e-01
7.659275531768798828e-01,-1.555520147085189819e-01
-3.110677897930145264e-01,4.081853330135345459e-01
-4.054624959826469421e-02,-1.099794730544090271e-01
8.867566287517547607e-02,-1.460835486650466919e-01
1.363633871078491211e-01,-2.836840450763702393e-01
4.477414116263389587e-02,-4.283161461353302002e-01
1.208815947175025940e-01,-2.541963458061218262e-01
1.131317019462585449e-01,-3.258229792118072510e-02
-9.389675408601760864e-02,-2.767728082835674286e-02
1.017915382981300354e-01,-1.905876994132995605e-01
-1.343962699174880981e-01,-6.958003342151641846e-02
6.657449156045913696e-02,-5.226286873221397400e-02
9.919188916683197021e-03,-8.259663730859756470e-02
-5.585123896598815918e-01,-7.344818115234375000e-02
2.563882060348987579e-02,5.083250999450683594e-01
1.596768200397491455e-01,5.429472774267196655e-02
-5.988680124282836914e-01,-1.791904419660568237e-01
5.676011368632316589e-02,-3.010231554508209229e-01
4.829638302326202393e-01,-4.819524884223937988e-01
5.022783279418945312e-01,-4.958904683589935303e-01
1.178122963756322861e-02,-3.543852567672729492e-01
2.895360812544822693e-02,-2.001111507415771484e-01
1.579872369766235352e-01,-3.954380005598068237e-02
2.694996818900108337e-02,4.964715540409088135e-01
1.306314021348953247e-01,-1.076055243611335754e-01
4.324395656585693359e-01,4.780344367027282715e-01
-3.832300007343292236e-01,4.695856571197509766e-01
9.952379018068313599e-02,-2.153387069702148438e-01
2.878624014556407928e-03,4.405514001846313477e-01
-5.982371568679809570e-01,-1.789882481098175049e-01
1.120829060673713684e-01,-1.634467244148254395e-01
-5.868157744407653809e-02,1.812398247420787811e-02
-5.985015630722045898e-01,-1.791115999221801758e-01
3.213028237223625183e-02,-9.269699454307556152e-02
1.288952827453613281e-01,-4.512465372681617737e-02
3.699978440999984741e-02,5.885885953903198242e-01
4.220366477966308594e-01,-4.402817487716674805e-01
-9.329020380973815918e-01,-2.856685221195220947e-01
1.343529671430587769e-01,-1.146825626492500305e-01
1.340508013963699341e-01,-1.026349216699600220e-01
1.709774583578109741e-01,5.674778670072555542e-02
1.613246500492095947e-01,-1.516311913728713989e-01
-1.342551317065954208e-02,-4.157592952251434326e-01
-5.974881052970886230e-01,-1.402590423822402954e-01
-3.353111445903778076e-01,2.845380306243896484e-01
4.854682087898254395e-01,-4.818701148033142090e-01
5.381191521883010864e-02,-3.251746296882629395e-01
-5.609825849533081055e-01,-7.354539632797241211e-02
-3.427381440997123718e-02,-5.414435863494873047e-01
1.384510099887847900e-01,-1.729726046323776245e-01
-1.275206450372934341e-02,-1.564660668373107910e-01
-1.380893141031265259e-01,-3.065001964569091797e-02
1.013678759336471558e-01,-8.395208418369293213e-02
-1.821441054344177246e-01,2.366407960653305054e-02
-6.886142492294311523e-01,-6.348761916160583496e-02
2.037077993154525757e-01,-1.189380288124084473e-01
8.368772268295288086e-02,-1.383953839540481567e-01
1.163848936557769775e-01,-7.467094808816909790e-02
-1.131042614579200745e-01,-1.407206356525421143e-01
4.495519399642944336e-02,6.368348598480224609e-01
4.867595806717872620e-02,6.875455379486083984e-01
8.016647398471832275e-02,-6.660106033086776733e-02
-4.807203710079193115e-01,-9.204498678445816040e-02
3.615383803844451904e-02,-1.919109821319580078e-01
-2.321723699569702148e-01,1.006879936903715134e-02
-4.017337560653686523e-01,-6.290760636329650879e-02
1.646074056625366211e-01,-2.457718253135681152e-01
6.044773757457733154e-02,-3.753278777003288269e-02
3.505486529320478439e-03,4.075261354446411133e-01
1.259062439203262329e-01,-2.536729574203491211e-01
-2.634630724787712097e-02,-5.251201987266540527e-01
4.429771006107330322e-02,6.560137271881103516e-01
-1.994351446628570557e-01,-3.749648481607437134e-02
4.685971885919570923e-02,6.846950054168701172e-01
-1.181788463145494461e-02,-4.042950272560119629e-01
-5.405604243278503418e-01,-8.824805170297622681e-02
2.470760606229305267e-02,-3.350722491741180420e-01
4.724072664976119995e-02,6.870908141136169434e-01
3.460954502224922180e-02,-1.555912047624588013e-01
2.654743008315563202e-02,7.584184408187866211e-02
9.456746280193328857e-02,-3.624363243579864502e-02
4.466542974114418030e-02,6.129235029220581055e-01
-2.742116805166006088e-03,-1.876549124717712402e-01
5.048796162009239197e-02,-2.918195724487304688e-01
1.250343769788742065e-01,-2.631227076053619385e-01
7.589257359504699707e-01,-4.671036824584007263e-02
7.388073205947875977e-02,-9.141911752521991730e-03
9.702267497777938843e-02,1.705230562947690487e-03
-2.888515293598175049e-01,-1.431815139949321747e-02
5.207957029342651367e-01,-5.115664005279541016e-01
7.438392192125320435e-02,1.391952484846115112e-02
1.161590218544006348e-01,-2.919983863830566406e-01
-8.426886051893234253e-02,3.351435530930757523e-03
4.984397590160369873e-01,-4.928446710109710693e-01
6.830395758152008057e-02,-6.345823407173156738e-02
5.214326456189155579e-02,-3.351105749607086182e-01
1.311717033386230469e-01,-1.400548666715621948e-01
4.485046491026878357e-02,6.374242901802062988e-01
-4.746927320957183838e-01,-8.178036659955978394e-02
-1.912056356668472290e-01,2.761107683181762695e-02
1.319082528352737427e-01,8.003217726945877075e-02
5.011645555496215820e-01,-4.953105151653289795e-01
1.358131617307662964e-01,2.750703878700733185e-02
-6.523593794554471970e-03,-1.854613572359085083e-01
2.936952933669090271e-02,5.313246250152587891e-01
1.698182523250579834e-01,4.905447363853454590e-02
1.057282909750938416e-01,-2.337489724159240723e-01
3.110471926629543304e-02,-6.016618013381958008e-02
9.845430403947830200e-02,-4.701003804802894592e-02
-1.231714035384356976e-03,4.135102629661560059e-01
8.019228279590606689e-02,-3.449615091085433960e-02
5.946688055992126465e-01,1.763158589601516724e-01
3.810178861021995544e-02,-5.656798183917999268e-02
4.321113228797912598e-02,6.516509652137756348e-01
1.211506128311157227e-01,-3.362959250807762146e-02
7.713580131530761719e-02,-6.986628472805023193e-02
-8.572698384523391724e-02,1.276454478502273560e-01
-4.970864579081535339e-02,-1.333303898572921753e-01
8.208519779145717621e-03,-2.264766991138458252e-01
-5.588101148605346680e-01,-7.483141869306564331e-02
1.716660410165786743e-01,6.102092936635017395e-02
4.317652806639671326e-02,6.514322757720947266e-01
8.974708616733551025e-02,-6.704220920801162720e-02
3.823852911591529846e-02,5.991090536117553711e-01
3.676831722259521484e-02,5.757008194923400879e-01
1.417213678359985352e-01,-2.301488220691680908e-01
9.499059617519378662e-02,-2.050255239009857178e-01
-1.403129380196332932e-02,-3.127724826335906982e-01
1.351433992385864258e-01,-1.824383586645126343e-01
-5.173037648200988770e-01,-6.925771385431289673e-02
1.695507168769836426e-01,4.961355030536651611e-02
-5.125898718833923340e-01,-7.080747187137603760e-02
5.134583711624145508e-01,-5.052412748336791992e-01
-5.986440777778625488e-01,-1.791876554489135742e-01
2.757069282233715057e-02,-8.055321872234344482e-02
3.757476061582565308e-02,5.798410177230834961e-01
-6.802943944931030273e-01,-6.353695690631866455e-02
8.879696577787399292e-02,-1.397620588541030884e-01
8.786377310752868652e-02,-7.416588068008422852e-02
1.479462087154388428e-01,-1.036084070801734924e-01
1.379759460687637329e-01,-1.773747354745864868e-01
7.875427603721618652e-02,-4.740035161375999451e-02
7.505758106708526611e-02,-7.127839326858520508e-02
1.307532042264938354e-01,-8.665767312049865723e-02
4.528214037418365479e-02,-1.934098899364471436e-01
5.688526108860969543e-02,-9.738913923501968384e-02
-2.440100349485874176e-02,3.414389789104461670e-01
7.769544422626495361e-02,-1.647357791662216187e-01
4.725370183587074280e-02,6.872074007987976074e-01
8.386705815792083740e-02,-8.873810060322284698e-03
-5.394259095191955566e-01,-8.824291080236434937e-02
6.103961914777755737e-02,7.909038662910461426e-02
-4.611325263977050781e-01,-8.359996974468231201e-02
3.722873926162719727e-01,-3.893472552299499512e-01
4.303639754652976990e-02,6.368411183357238770e-01
6.826472282409667969e-02,-1.238237917423248291e-01
1.391096860170364380e-01,1.021060496568679810e-01
8.086531423032283783e-03,3.970944583415985107e-01
9.404884278774261475e-02,3.498195111751556396e-01
7.130044698715209961e-02,-6.490740180015563965e-02
-5.449060797691345215e-01,-8.527389168739318848e-02
-5.981336236000061035e-01,-1.790720373392105103e-01
1.481695026159286499e-01,-2.221964746713638306e-01
-4.226598441600799561e-01,5.193109512329101562e-01
1.839510723948478699e-02,4.066434204578399658e-01
1.112759038805961609e-01,-6.851360946893692017e-02
3.346399590373039246e-02,5.680079460144042969e-01
3.753238543868064880e-02,-2.087766677141189575e-01
4.557972028851509094e-02,-1.397102773189544678e-01
1.696615517139434814e-01,5.997578799724578857e-02
-3.831624053418636322e-03,3.699759244918823242e-01
2.351281978189945221e-02,4.957315027713775635e-01
1.986419223248958588e-02,-2.319132238626480103e-01
1.051994264125823975e-01,-9.485920518636703491e-02
-1.990954764187335968e-02,-5.125961452722549438e-02
-5.603891611099243164e-01,-7.412725687026977539e-02
1.124003753066062927e-01,2.016261033713817596e-02
-5.308852195739746094e-01,-8.708985149860382080e-02
5.224685072898864746e-01,-5.131029486656188965e-01
-5.475221276283264160e-01,-8.026488870382308960e-02
1.313048005104064941e-01,-9.454483538866043091e-02
8.232695609331130981e-02,-7.238056510686874390e-02
3.662320971488952637e-02,5.932883620262145996e-01
7.486952096223831177e-02,-2.018282935023307800e-02
-1.911711543798446655e-01,2.777857147157192230e-02
8.709610253572463989e-02,-8.323924988508224487e-02
-9.419302223250269890e-04,-2.058206945657730103e-01
9.135796874761581421e-02,-2.669470943510532379e-02
4.507368803024291992e-02,6.355996727943420410e-01
1.684635579586029053e-01,5.452752858400344849e-02
1.297907829284667969e-01,-2.431372255086898804e-01
4.500480368733406067e-02,6.675511002540588379e-01
5.618033558130264282e-02,-1.300590485334396362e-01
-1.832576692104339600e-01,5.275502055883407593e-02
4.482249543070793152e-02,6.374624967575073242e-01
1.471357494592666626e-01,-2.912318110466003418e-01
5.894564092159271240e-02,-2.281485646963119507e-01
-5.425514653325080872e-02,2.509047091007232666e-01
4.453763961791992188e-01,-4.348716139793395996e-01
1.400804817676544189e-01,-2.882961928844451904e-01
-5.427907109260559082e-01,-8.967127650976181030e-02
2.003675140440464020e-02,-1.191319972276687622e-01
-5.370905399322509766e-01,-8.778360486030578613e-02
5.773384124040603638e-02,-1.630022190511226654e-02
4.643206670880317688e-02,6.823320388793945312e-01
2.617847733199596405e-02,5.141707062721252441e-01
2.032224088907241821e-01,2.916329912841320038e-02
1.429315507411956787e-01,-1.309697180986404419e-01
3.447890654206275940e-02,5.701699256896972656e-01
3.057872653007507324e-01,-3.229264616966247559e-01
4.529000818729400635e-02,-1.847814321517944336e-01
1.290030479431152344e-01,-4.804625641554594040e-03
9.660753607749938965e-02,-1.740189492702484131e-01
4.575370252132415771e-02,-4.828822612762451172e-02
-5.971039533615112305e-01,-1.785167753696441650e-01
8.466142416000366211e-02,-9.932922571897506714e-02
4.603889584541320801e-02,6.793270111083984375e-01
4.619766771793365479e-02,6.792657375335693359e-01
4.070132970809936523e-02,-1.655596345663070679e-01
-6.710381805896759033e-02,-5.401260778307914734e-02
-2.795383334159851074e-02,-1.598463356494903564e-01
7.913113385438919067e-02,-2.657815217971801758e-01
1.077181324362754822e-01,-5.398895591497421265e-02
-1.897661834955215454e-01,1.898927241563796997e-02
7.748649269342422485e-02,-2.269801869988441467e-02
6.397775411605834961e-01,1.902991235256195068e-01
2.250358164310455322e-01,-1.032094433903694153e-01
-2.692346572875976562e-01,-5.509103462100028992e-02
-1.821606904268264771e-01,-1.658837310969829559e-02
4.932745993137359619e-01,-4.894569516181945801e-01
1.432317793369293213e-01,-1.507036969996988773e-03
4.431887716054916382e-02,6.561468243598937988e-01
-5.632337927818298340e-01,-1.231794655323028564e-01
8.931983262300491333e-02,-1.381927262991666794e-02
1.698705554008483887e-01,4.886767640709877014e-02
-6.081014275550842285e-01,-6.607510894536972046e-02
4.281888529658317566e-02,-5.573908984661102295e-02
-4.225623607635498047e-01,5.193164944648742676e-01
1.988871023058891296e-02,-1.308652907609939575e-01
2.730083279311656952e-02,5.200507044792175293e-01
-1.013897731900215149e-01,-1.266393363475799561e-01
1.558914333581924438e-01,-2.909862697124481201e-01
-9.764239192008972168e-02,-7.489889860153198242e-02
5.967609882354736328e-01,1.767668575048446655e-01
2.353548109531402588e-01,-1.982784271240234375e-01
-2.290054596960544586e-02,-5.149934887886047363e-01
-1.126723885536193848e-01,-1.401109546422958374e-01
-5.142096877098083496e-01,-1.103561744093894958e-01
-1.135706380009651184e-01,-1.026011258363723755e-01
9.810472279787063599e-02,-1.526248008012771606e-01
1.249456405639648438e-01,5.120157077908515930e-02
1.196495890617370605e-01,-6.825102865695953369e-02
1.347493231296539307e-01,-1.239522397518157959e-01
3.378267865628004074e-03,-8.290757983922958374e-02
6.068734452128410339e-02,-1.286340057849884033e-01
5.099278688430786133e-01,-5.032767057418823242e-01
2.125470899045467377e-02,4.905824959278106689e-01
-6.157570481300354004e-01,-6.570068746805191040e-02
5.553388595581054688e-02,-1.918526887893676758e-01
-6.653535962104797363e-01,-1.284532397985458374e-01
-4.175995588302612305e-01,-6.544592231512069702e-02
-2.325066365301609039e-02,-5.158873200416564941e-01
-5.349696800112724304e-02,-1.689186394214630127e-01
1.316387206315994263e-01,-1.716797202825546265e-01
4.678135514259338379e-01,-4.648391306400299072e-01
2.877614460885524750e-02,5.401961207389831543e-01
1.845279186964035034e-01,-1.393215954303741455e-01
7.646726071834564209e-02,-4.794323071837425232e-02
5.835406854748725891e-02,-1.670304983854293823e-01
-5.388702154159545898e-01,-8.727053552865982056e-02
-1.340331975370645523e-02,3.751264512538909912e-01
-6.832938790321350098e-01,-1.440272182226181030e-01
1.232228577136993408e-01,-1.229071640409529209e-03
4.437625035643577576e-02,-1.671473383903503418e-01
1.933006942272186279e-01,-6.954482942819595337e-02
-4.404858350753784180e-01,-7.701500505208969116e-02
3.636788949370384216e-02,5.815764069557189941e-01
1.550081223249435425e-01,3.147375583648681641e-02
-4.328320175409317017e-02,-2.771724462509155273e-01
4.425450786948204041e-02,6.564335823059082031e-01
5.111485719680786133e-02,-1.567611694335937500e-01
8.290266990661621094e-02,5.197611823678016663e-02
1.167653501033782959e-01,-1.602024286985397339e-01
4.560340940952301025e-02,6.209281682968139648e-01
-4.288377463817596436e-01,-6.562142819166183472e-02
-1.707083359360694885e-02,3.562786802649497986e-02
-2.856523096561431885e-01,3.558783531188964844e-01
7.674613036215305328e-03,-1.249963268637657166e-01
1.945494711399078369e-01,-3.036959096789360046e-02
-1.957902461290359497e-01,-3.779640048742294312e-02
3.013632260262966156e-02,5.401087999343872070e-01
6.137772649526596069e-02,-2.971186041831970215e-01
-4.223840236663818359e-01,5.189030170440673828e-01
1.602127254009246826e-01,-2.972120642662048340e-01
-5.683012008666992188e-01,-1.584205478429794312e-01
-3.900221083313226700e-03,-1.862061321735382080e-01
4.253452271223068237e-02,6.475134491920471191e-01
6.804735213518142700e-02,2.377074658870697021e-01
3.505213931202888489e-02,-1.516859084367752075e-01
-1.888028695248067379e-03,4.970449954271316528e-02
5.128762722015380859e-01,-5.047289729118347168e-01
-2.316157333552837372e-02,-5.157919526100158691e-01
-4.223322272300720215e-01,5.186869502067565918e-01
4.696737229824066162e-02,6.846728920936584473e-01
-5.578495562076568604e-02,2.887738049030303955e-01
-5.563517212867736816e-01,-7.418698072433471680e-02
6.183302029967308044e-02,-1.103490442037582397e-01
4.328770190477371216e-02,6.458062529563903809e-01
7.319855690002441406e-02,-9.432146698236465454e-02
2.668132632970809937e-02,5.122339725494384766e-01
2.074799686670303345e-01,-1.593157052993774414e-01
9.018382430076599121e-02,-2.194819152355194092e-01
8.658444136381149292e-02,-1.751512885093688965e-01
-5.376232266426086426e-01,-8.699635416269302368e-02
7.240629196166992188e-02,1.529970169067382812e-01
1.475793570280075073e-01,-2.890430390834808350e-01
1.133597940206527710e-01,-8.199938386678695679e-02
-1.475553512573242188e-01,-4.282213747501373291e-02
1.360326260328292847e-01,-2.499063760042190552e-01
5.196632742881774902e-01,-5.106774568557739258e-01
1.133434474468231201e-01,-1.966846585273742676e-01
-6.507885642349720001e-03,2.638688385486602783e-01
-5.261753797531127930e-01,-8.614451438188552856e-02
1.140396073460578918e-01,-8.181034028530120850e-02
1.196591928601264954e-01,-2.649578750133514404e-01
8.201036602258682251e-02,1.712384074926376343e-02
6.280702352523803711e-02,-2.005004137754440308e-01
4.323242306709289551e-01,4.781216382980346680e-01
5.253416895866394043e-01,-4.878943264484405518e-01
1.262319087982177734e-01,9.669028222560882568e-03
1.170466542243957520e-01,-7.758130878210067749e-02
5.171692371368408203e-01,-5.084974169731140137e-01
6.436685472726821899e-02,-5.143649131059646606e-02
3.395569324493408203e-02,5.579979419708251953e-01
2.375962398946285248e-02,-7.565295696258544922e-02
-6.065914779901504517e-02,-1.194617822766304016e-01
-8.645192719995975494e-03,3.559800982475280762e-01
-4.615043699741363525e-01,-7.153403013944625854e-02
3.676919266581535339e-02,5.757251977920532227e-01
-1.377115771174430847e-02,-2.072636187076568604e-01
-4.909209161996841431e-02,-9.080407023429870605e-02
6.250286847352981567e-02,-2.384258806705474854e-01
-4.038676619529724121e-01,-6.322918832302093506e-02
-3.689450621604919434e-01,-4.718898832798004150e-01
5.181280374526977539e-01,-5.095363259315490723e-01
1.344484388828277588e-01,-1.844191998243331909e-01
5.440944433212280273e-02,-1.383361816406250000e-01
-1.171945109963417053e-01,2.822394296526908875e-02
8.315840363502502441e-02,-1.480067372322082520e-01
9.925536811351776123e-02,-1.662998348474502563e-01
2.034039236605167389e-02,-1.187490075826644897e-01
-4.121176525950431824e-02,-8.645619451999664307e-02
4.849974066019058228e-02,-1.987493224442005157e-02
-5.608331561088562012e-01,-7.611986249685287476e-02
1.442784965038299561e-01,-2.704756557941436768e-01
-5.370118618011474609e-01,-8.749952167272567749e-02
4.492034912109375000e-01,-4.452425837516784668e-01
8.680406957864761353e-02,-1.117064654827117920e-01
3.190265223383903503e-02,5.566662549972534180e-01
1.098247915506362915e-01,-9.359142929315567017e-02
1.130008026957511902e-01,-8.642044663429260254e-02
1.490267664194107056e-01,-2.801175713539123535e-01
8.691120147705078125e-02,-5.250221118330955505e-02
4.650840535759925842e-02,6.816719174385070801e-01
2.600168995559215546e-02,5.139489769935607910e-01
3.758395463228225708e-02,-9.477690607309341431e-02
1.730191521346569061e-02,-7.610289007425308228e-02
-3.874123394489288330e-01,-5.809222906827926636e-02
5.088031888008117676e-01,-5.019392371177673340e-01
3.646716102957725525e-02,5.871802568435668945e-01
2.425320260226726532e-02,4.981428682804107666e-01
6.749051064252853394e-02,6.965821981430053711e-01
2.629039809107780457e-02,5.133829116821289062e-01
1.061388105154037476e-01,-1.107978969812393188e-01
4.549935832619667053e-02,-5.189990624785423279e-02
5.038077235221862793e-01,-4.978834986686706543e-01
-1.183932423591613770e-01,-1.118423268198966980e-01
-4.226117134094238281e-01,5.191041827201843262e-01
9.023485332727432251e-02,-7.075016945600509644e-02
8.871082216501235962e-02,-2.881356631405651569e-04
1.106179058551788330e-01,-2.161585092544555664e-01
1.728251576423645020e-01,-8.019764721393585205e-02
2.528150379657745361e-01,-3.269738256931304932e-01
3.763196617364883423e-02,2.709049917757511139e-02
4.954803735017776489e-02,-1.515102982521057129e-01
6.258576363325119019e-02,-1.355339288711547852e-01
1.832120120525360107e-01,8.224798738956451416e-02
1.134624183177947998e-01,-2.199525684118270874e-01
5.927122384309768677e-02,-1.995140910148620605e-01
6.060179695487022400e-02,-5.157259851694107056e-02
3.492050245404243469e-02,-6.798134744167327881e-02
4.615682736039161682e-02,6.833498477935791016e-01
-6.718168854713439941e-01,-6.781221926212310791e-02
9.645311534404754639e-02,-2.506881952285766602e-01
-3.882798552513122559e-02,3.269106447696685791e-01
8.990298956632614136e-02,-6.893238425254821777e-02
-5.824794173240661621e-01,-7.655130326747894287e-02
4.528276994824409485e-02,6.698727607727050781e-01
-6.490622758865356445e-01,-6.298851966857910156e-02
1.175281032919883728e-01,-1.757488548755645752e-01
3.217130526900291443e-02,-4.792977869510650635e-02
7.299792766571044922e-01,-1.904978305101394653e-01
4.513721913099288940e-02,6.692785024642944336e-01
-1.674978248775005341e-02,-3.846825063228607178e-01
-2.072122842073440552e-01,-6.062186788767576218e-03
1.496453732252120972e-01,-2.798773348331451416e-01
8.538801968097686768e-02,-6.318198889493942261e-02
1.557638496160507202e-01,-2.301195561885833740e-01
7.742916047573089600e-02,-6.442130357027053833e-02
2.038596570491790771e-02,-2.016634196043014526e-01
2.781276591122150421e-02,5.290630459785461426e-01
1.191981211304664612e-01,-1.574097275733947754e-01
4.963943660259246826e-01,-4.911251068115234375e-01
3.795793280005455017e-02,-2.488816678524017334e-01
3.689794614911079407e-02,5.885565280914306641e-01
-1.862701624631881714e-01,7.821942679584026337e-03
-2.312288805842399597e-02,-5.149768590927124023e-01
1.616923063993453979e-01,5.703268200159072876e-02
1.094891130924224854e-01,-8.360738307237625122e-02
4.566576331853866577e-02,6.724438071250915527e-01
4.949020966887474060e-02,-2.714823186397552490e-01
-6.384140849113464355e-01,-6.554111093282699585e-02
-5.884646773338317871e-01,-8.177015185356140137e-02
4.916358739137649536e-02,-1.104926764965057373e-01
-2.741996049880981445e-01,-6.097869202494621277e-02
4.983994662761688232e-01,-4.927809536457061768e-01
4.741469621658325195e-01,-4.721751809120178223e-01
5.071052312850952148e-01,-5.002833604812622070e-01
3.643531352281570435e-02,5.780217051506042480e-01
2.074837125837802887e-02,-1.498265117406845093e-01
-2.233829535543918610e-02,-5.146453380584716797e-01
-6.306114606559276581e-03,3.641896843910217285e-01
1.329121887683868408e-01,-1.911668777465820312e-01
1.134617254137992859e-01,-2.917235195636749268e-01
6.759107112884521484e-02,-5.351822078227996826e-02
1.412756145000457764e-01,-2.908566296100616455e-01
4.690556824207305908e-01,-4.684254229068756104e-01
1.233649179339408875e-01,-1.733301281929016113e-01
5.293299630284309387e-02,-1.371660530567169189e-01
5.020505189895629883e-01,-4.956363737583160400e-01
3.693960607051849365e-02,5.886853337287902832e-01
-5.982919931411743164e-01,-1.788495182991027832e-01
1.205163449048995972e-01,5.151222925633192062e-03
7.098620384931564331e-02,-5.317465588450431824e-02
1.056027635931968689e-01,-1.149856448173522949e-01
4.421854764223098755e-02,6.380022168159484863e-01
2.030978351831436157e-02,-1.095112785696983337e-01
7.940852642059326172e-01,-1.558105945587158203e-01
4.118514060974121094e-01,-4.270653426647186279e-01
2.151945419609546661e-02,-1.949879080057144165e-01
9.416645765304565430e-02,-4.656545072793960571e-02
3.705647215247154236e-02,5.886124968528747559e-01
8.788654208183288574e-02,-6.761911511421203613e-02
-4.227487444877624512e-01,5.193263292312622070e-01
1.124334409832954407e-01,-8.386936038732528687e-02
-6.067615747451782227e-02,-5.585683882236480713e-02
-5.984521508216857910e-01,-1.790061146020889282e-01
4.325797259807586670e-01,4.783114492893218994e-01
1.388573050498962402e-01,-2.875588238239288330e-01
6.986501067876815796e-02,-8.536066859960556030e-02
3.127405419945716858e-02,5.512531995773315430e-01
5.465750023722648621e-02,2.610848546028137207e-01
1.618407517671585083e-01,5.857484042644500732e-02
-9.930209256708621979e-03,-4.412690997123718262e-01
3.606998920440673828e-02,6.070957779884338379e-01
5.050130654126405716e-03,-1.956957280635833740e-01
4.570950195193290710e-02,6.728370189666748047e-01
1.545326262712478638e-01,-2.624597251415252686e-01
8.182602375745773315e-02,-9.573365747928619385e-02
9.425997734069824219e-02,-8.311152458190917969e-03
7.224820088595151901e-03,-2.087786048650741577e-01
-5.379353761672973633e-01,-8.776178210973739624e-02
-6.723828315734863281e-01,-6.782793253660202026e-02
-6.941576004028320312e-01,-1.382671445608139038e-01
-1.179297938942909241e-01,-2.653111144900321960e-02
1.313733309507369995e-01,4.076773524284362793e-01
1.077170372009277344e-01,-7.190044969320297241e-02
1.594460941851139069e-02,-3.283270597457885742e-01
-4.506623446941375732e-01,-7.555208355188369751e-02
1.478666514158248901e-01,-2.805960774421691895e-01
-2.332719787955284119e-02,2.538413405418395996e-01
1.267807036638259888e-01,-1.786733716726303101e-01
8.828741312026977539e-02,-7.786834985017776489e-02
1.724810898303985596e-01,4.054576531052589417e-02
3.465437889099121094e-02,5.691273212432861328e-01
2.109396271407604218e-02,4.837257564067840576e-01
-7.589390128850936890e-02,-6.335040181875228882e-02
1.710795015096664429e-01,-1.353897601366043091e-01
-2.288413420319557190e-02,-5.141758322715759277e-01
1.175859011709690094e-02,-3.517466187477111816e-01
-4.206547439098358154e-01,-6.804201006889343262e-02
5.029790401458740234e-01,-4.961469769477844238e-01
3.982134908437728882e-02,6.195437312126159668e-01
-5.985798835754394531e-01,-1.791570037603378296e-01
2.522931993007659912e-02,-9.693027287721633911e-02
1.073722168803215027e-01,-2.444788664579391479e-01
8.561538159847259521e-02,-2.000961601734161377e-01
4.328852519392967224e-02,6.521931290626525879e-01
1.425980478525161743e-01,1.566844619810581207e-02
-5.985024571418762207e-01,-1.791647225618362427e-01
1.971024274826049805e-02,-3.408250212669372559e-01
-1.851533651351928711e-01,2.639780752360820770e-02
6.335048377513885498e-02,-2.083350419998168945e-01
-1.950867772102355957e-01,1.232981309294700623e-02
4.639881476759910583e-02,6.812198162078857422e-01
1.404400169849395752e-01,-2.749778032302856445e-01
5.037851929664611816e-01,-4.978119134902954102e-01
-6.503476202487945557e-02,2.824252247810363770e-01
6.157213822007179260e-02,-7.791730761528015137e-02
-5.662352442741394043e-01,-1.655418276786804199e-01
3.674535453319549561e-02,5.758486390113830566e-01
1.021200977265834808e-02,-8.076782524585723877e-02
4.316585138440132141e-02,6.508658528327941895e-01
1.078647226095199585e-01,4.547795280814170837e-02
-1.175661012530326843e-02,4.086403548717498779e-01
7.951884716749191284e-02,-5.397123470902442932e-02
3.697277279570698738e-04,-1.960230171680450439e-01
-4.281289130449295044e-02,-2.085891813039779663e-01
-2.168508805334568024e-02,-5.062223076820373535e-01
-5.561028122901916504e-01,-8.071944862604141235e-02
3.172656893730163574e-02,-1.490916460752487183e-01
-7.233177423477172852e-01,-5.963954329490661621e-02
-1.080457791686058044e-01,-7.836379855871200562e-02
1.433288753032684326e-01,-1.415025442838668823e-01
6.560452166013419628e-04,4.028057157993316650e-01
-5.394900441169738770e-01,-8.747205138206481934e-02
6.716472655534744263e-02,6.961380131542682648e-03
5.013360381126403809e-01,-4.955376386642456055e-01
-4.433724582195281982e-01,-7.744491845369338989e-02
3.818357735872268677e-02,6.196065545082092285e-01
2.362160384654998779e-02,-6.837695091962814331e-02
8.367905765771865845e-02,-5.262248218059539795e-02
-5.981362462043762207e-01,-1.789803355932235718e-01
1.427352428436279297e-01,-6.224893406033515930e-02
6.219593435525894165e-02,-1.342823654413223267e-01
2.292392402887344360e-02,4.966263473033905029e-01
1.521109603345394135e-02,-1.525932252407073975e-01
5.836960393935441971e-03,4.022813439369201660e-01
-3.089212067425251007e-02,-9.655565023422241211e-02
1.048459708690643311e-01,-1.915414482355117798e-01
2.164299190044403076e-01,-1.097621545195579529e-01
-5.967733263969421387e-01,-1.782329678535461426e-01
4.301607608795166016e-01,-4.232767820358276367e-01
-5.981432199478149414e-01,-1.789484471082687378e-01
-7.152163889259099960e-03,-1.610261350870132446e-01
9.956048429012298584e-02,-1.808654665946960449e-01
6.582166999578475952e-02,-7.840140163898468018e-02
5.224303528666496277e-02,-1.998869329690933228e-02
-7.197024226188659668e-01,-6.018486991524696350e-02
4.623687639832496643e-02,6.794089078903198242e-01
-2.190279029309749603e-02,3.524535298347473145e-01
-1.443262994289398193e-01,-7.230279594659805298e-02
-1.327530760318040848e-02,-3.614163771271705627e-02
5.524687003344297409e-03,4.400724470615386963e-01
-1.037776842713356018e-01,-1.185941845178604126e-01
9.744431078433990479e-02,4.382741637527942657e-03
5.104653071612119675e-03,-1.832447052001953125e-01
1.805989295244216919e-01,-7.870634645223617554e-02
1.696745902299880981e-01,4.560230299830436707e-02
3.972885757684707642e-02,6.164692044258117676e-01
-8.102931827306747437e-02,-1.445851922035217285e-01
2.542117983102798462e-02,-3.215860426425933838e-01
1.376197189092636108e-01,-2.380443811416625977e-01
-5.365555286407470703e-01,-8.831618726253509521e-02
-4.228439927101135254e-01,5.192632079124450684e-01
-8.845527656376361847e-03,-2.371568977832794189e-01
7.074290513992309570e-02,-3.216673433780670166e-02
4.712561517953872681e-02,6.863591670989990234e-01
7.277116924524307251e-02,-9.178178757429122925e-02
4.987214207649230957e-01,-4.931434988975524902e-01
2.056958973407745361e-01,-2.786167860031127930e-01
7.459948211908340454e-02,-7.006829231977462769e-02
-3.706248477101325989e-02,-3.325721621513366699e-02
-5.973740220069885254e-01,-1.785848736763000488e-01
-2.275336347520351410e-02,-5.144785642623901367e-01
5.112083628773689270e-02,-1.432228982448577881e-01
-5.100294947624206543e-01,-1.206167489290237427e-01
-1.520621683448553085e-02,-4.485535025596618652e-01
-5.705514550209045410e-01,-7.122750580310821533e-02
-1.797546818852424622e-02,3.633559644222259521e-01
2.189203649759292603e-01,-7.177132368087768555e-02
9.420422837138175964e-03,3.980777561664581299e-01
7.130376994609832764e-02,-7.087519764900207520e-02
5.948418974876403809e-01,1.756025701761245728e-01
-1.492857001721858978e-03,4.135509431362152100e-01
3.397278115153312683e-02,5.638695359230041504e-01
1.900836676359176636e-01,-1.854982227087020874e-01
-8.386184275150299072e-02,-1.441532075405120850e-01
-4.226219058036804199e-01,5.191835165023803711e-01
1.040673404932022095e-01,-1.023111194372177124e-01
2.994229830801486969e-02,-6.068454682826995850e-02
8.891167491674423218e-02,-3.183470666408538818e-02
5.065592527389526367e-01,-4.998140633106231689e-01
1.478025466203689575e-01,-2.799612283706665039e-01
9.335322678089141846e-02,-1.690201014280319214e-01
-5.131081938743591309e-01,-1.267158240079879761e-01
-2.082803696393966675e-01,1.898039877414703369e-02
-1.270962953567504883e-01,-5.153502151370048523e-02
3.475655615329742432e-02,5.692579150199890137e-01
3.743128851056098938e-02,-1.891884803771972656e-01
-3.855161964893341064e-01,-6.003616377711296082e-02
1.719492822885513306e-01,9.314902126789093018e-02
4.554876387119293213e-01,-4.520758092403411865e-01
8.442213758826255798e-03,4.239223003387451172e-01
1.263406723737716675e-01,1.637837141752243042e-01
-1.030737534165382385e-02,3.640985488891601562e-01
4.642786085605621338e-02,6.819667816162109375e-01
-3.787754569202661514e-03,-1.179760918021202087e-01
-2.797458171844482422e-01,-2.219550125300884247e-02
8.760543912649154663e-02,-9.983570873737335205e-02
3.382722288370132446e-02,-2.884700596332550049e-01
-1.016653142869472504e-02,-2.194630801677703857e-01
-1.271967031061649323e-02,-3.535870090126991272e-02
1.814169436693191528e-02,4.397164881229400635e-01
3.272450342774391174e-02,5.512415766716003418e-01
3.728969022631645203e-02,5.828322172164916992e-01
4.415161907672882080e-02,6.609646677970886230e-01
1.814566552639007568e-01,-1.239829882979393005e-01
4.677862301468849182e-02,6.834903359413146973e-01
1.623096764087677002e-01,4.460370913147926331e-02
5.223279595375061035e-01,-5.131621956825256348e-01
4.590678215026855469e-02,6.754881143569946289e-01
9.968577325344085693e-02,-1.117372792214155197e-02
8.987645804882049561e-02,-2.774492651224136353e-02
4.620986804366111755e-02,6.815215349197387695e-01
3.367188200354576111e-02,5.574288964271545410e-01
4.698269069194793701e-02,-1.795427799224853516e-01
4.261070862412452698e-02,-9.612362831830978394e-02
-5.535941720008850098e-01,-7.591963559389114380e-02
-1.118155568838119507e-01,2.504860460758209229e-01
-1.655852794647216797e-02,3.620364367961883545e-01
5.013340115547180176e-01,-4.955850839614868164e-01
-6.513861417770385742e-01,-6.730953603982925415e-02
2.001660764217376709e-01,6.134340763092041016e-01
3.159502893686294556e-02,5.613560080528259277e-01
8.113257586956024170e-02,1.666120290756225586e-01
2.753745391964912415e-02,5.272399783134460449e-01
-6.625330448150634766e-01,3.626377880573272705e-01
3.696353137493133545e-01,-3.729367256164550781e-01
2.123117446899414062e-02,4.679687321186065674e-01
-4.940778017044067383e-02,-1.738602370023727417e-01
-7.967796176671981812e-02,-4.763665795326232910e-02
7.245726138353347778e-02,-2.266687154769897461e-01
2.268723100423812866e-01,-1.933994591236114502e-01
1.961567997932434082e-01,-3.395078703761100769e-02
9.475794434547424316e-01,4.029658809304237366e-02
8.749666810035705566e-02,-4.289852455258369446e-02
2.170256525278091431e-02,4.923377931118011475e-01
6.941147148609161377e-02,-4.408753290772438049e-02
6.801693141460418701e-02,-9.723787754774093628e-02
-5.563547015190124512e-01,-7.419487088918685913e-02
-4.634359776973724365e-01,-7.311650365591049194e-02
1.576524972915649414e-01,-2.938022315502166748e-01
4.856272935867309570e-01,-4.816931486129760742e-01
-1.516657471656799316e-01,-6.232513487339019775e-02
3.296966850757598877e-02,5.630200505256652832e-01
6.361769884824752808e-02,-6.218123435974121094e-02
3.314468264579772949e-02,6.025469899177551270e-01
-1.103283371776342392e-02,3.412720561027526855e-01
1.311836540699005127e-01,-2.752449214458465576e-01
6.412175297737121582e-02,-1.147753223776817322e-01
1.328886151313781738e-01,-1.973031014204025269e-01
2.939200587570667267e-02,-7.607977092266082764e-02
4.571018815040588379e-01,-4.541873037815093994e-01
7.558827102184295654e-02,-1.646586209535598755e-01
4.484561830759048462e-02,6.648764610290527344e-01
-5.133545994758605957e-01,-8.817482739686965942e-02
9.305937588214874268e-02,-1.438352018594741821e-01
4.469324648380279541e-02,-1.898253150284290314e-02
-3.703996166586875916e-02,-2.015256434679031372e-01
-2.395949326455593109e-02,-1.618086844682693481e-01
4.776797890663146973e-01,-4.827834665775299072e-01
1.410332880914211273e-02,-6.962882727384567261e-02
1.562122106552124023e-01,-1.595155894756317139e-01
7.995067536830902100e-02,-8.041408658027648926e-02
5.192520022392272949e-01,-5.103673934936523438e-01
-4.103364422917366028e-02,-1.457881480455398560e-01
4.570529162883758545e-01,4.720082581043243408e-01
6.144822761416435242e-02,1.165530309081077576e-01
3.640720248222351074e-02,5.817872881889343262e-01
-6.026414632797241211e-01,-1.794996112585067749e-01
-4.227285683155059814e-01,5.194535851478576660e-01
3.304621577262878418e-02,5.520673394203186035e-01
9.636809676885604858e-02,2.251152135431766510e-02
6.829310953617095947e-02,-8.778385072946548462e-02
1.193407773971557617e-01,-1.770945638418197632e-02
8.320277184247970581e-02,-2.505671977996826172e-01
4.674383252859115601e-02,6.826013326644897461e-01
2.008757740259170532e-01,-9.850238263607025146e-02
9.308647364377975464e-02,-1.445461064577102661e-01
3.710612654685974121e-02,6.005508303642272949e-01
1.383388182148337364e-03,-1.571465879678726196e-01
7.971052080392837524e-02,-3.073037602007389069e-02
4.380369186401367188e-02,-1.366007775068283081e-01
6.298099458217620850e-02,-4.452303424477577209e-02
-5.564324855804443359e-01,-7.403369247913360596e-02
-5.545837283134460449e-01,-7.387174665927886963e-02
2.463243156671524048e-02,5.178317427635192871e-01
2.351034432649612427e-02,5.163438916206359863e-01
5.013928189873695374e-02,-1.575348526239395142e-01
-5.985205769538879395e-01,-6.778777390718460083e-02
1.460692733526229858e-01,-4.682796075940132141e-02
3.172674402594566345e-02,5.459557175636291504e-01
-6.577516440302133560e-03,-2.270278483629226685e-01
4.632725939154624939e-02,6.816796660423278809e-01
3.489798679947853088e-02,-5.949684232473373413e-02
-2.333897352218627930e-02,-5.152549147605895996e-01
-4.875941202044487000e-02,9.685346484184265137e-02
-6.756132841110229492e-02,-1.195596754550933838e-01
1.377292126417160034e-01,-2.924616336822509766e-01
1.513026803731918335e-01,1.117608603090047836e-02
5.318726301193237305e-01,1.495125144720077515e-01
4.541798681020736694e-02,6.705741286277770996e-01
-6.196933388710021973e-01,-8.527908474206924438e-02
-6.035352349281311035e-01,-6.923388689756393433e-02
-1.924727559089660645e-01,2.523016743361949921e-02
-6.009988486766815186e-02,-1.608406901359558105e-01
8.269706368446350098e-02,-8.527959883213043213e-02
5.171716213226318359e-01,-5.085880160331726074e-01
8.320023864507675171e-02,-8.262035250663757324e-02
-2.616186738014221191e-01,-2.846796810626983643e-02
-1.563512235879898071e-01,2.750193141400814056e-02
-3.519192710518836975e-02,1.637807637453079224e-01
1.376455128192901611e-01,-2.868928611278533936e-01
-5.970456004142761230e-01,-1.784856021404266357e-01
6.618949025869369507e-02,-4.911020398139953613e-02
6.082417815923690796e-02,-1.699527949094772339e-01
1.087075397372245789e-01,-9.406485408544540405e-02
1.292380392551422119e-01,2.211738377809524536e-03
6.588521599769592285e-02,-6.969877332448959351e-02
1.279717683792114258e-01,-2.939932793378829956e-02
-1.673202775418758392e-02,-4.653570055961608887e-01
4.187735915184020996e-02,-6.942372024059295654e-02
5.037865042686462402e-01,-4.978868961334228516e-01
3.906007856130599976e-02,6.366540789604187012e-01
7.651036977767944336e-02,-1.341436505317687988e-01
8.521005511283874512e-02,-1.783957779407501221e-01
-7.938296198844909668e-01,3.621396720409393311e-01
3.768329322338104248e-02,5.800054669380187988e-01
4.323088824748992920e-01,4.776768684387207031e-01
1.204009130597114563e-01,-2.781128287315368652e-01
6.926906108856201172e-02,-9.083047509193420410e-02
-5.386574268341064453e-01,-8.768400549888610840e-02
3.798223286867141724e-02,-1.116233840584754944e-01
-7.999844104051589966e-02,-1.686618030071258545e-01
-2.063388377428054810e-02,-1.617005318403244019e-01
1.027720645070075989e-01,-1.179051324725151062e-01
-8.274479955434799194e-02,-6.674281507730484009e-02
1.116811707615852356e-01,-1.273737996816635132e-01
-1.402148976922035217e-02,3.094890415668487549e-01
1.322413831949234009e-01,-2.842694222927093506e-01
-4.227854311466217041e-01,5.193052291870117188e-01
-5.506332516670227051e-01,-7.943291962146759033e-02
-6.720198988914489746e-01,-6.777358800172805786e-02
-1.175931748002767563e-02,1.574251204729080200e-01
1.317982673645019531e-01,3.026178665459156036e-02
9.665976464748382568e-02,-1.505440622568130493e-01
7.505279034376144409e-02,-7.126985490322113037e-02
5.024563074111938477e-01,-4.960004389286041260e-01
3.990796580910682678e-02,-8.779796212911605835e-02
4.519293084740638733e-02,5.927660465240478516e-01
-5.391362905502319336e-01,-8.786845952272415161e-02
6.779637187719345093e-02,-5.905237421393394470e-02
2.227779850363731384e-02,-2.502435445785522461e-01
6.913582235574722290e-02,-9.617538750171661377e-02
-5.991510748863220215e-01,-1.793499588966369629e-01
-7.137398421764373779e-02,-1.387538909912109375e-01
-1.785465627908706665e-01,-4.294932633638381958e-02
5.117533802986145020e-01,-5.039578676223754883e-01
5.071260929107666016e-01,-5.000872015953063965e-01
1.648121923208236694e-01,-2.456549108028411865e-01
1.415091454982757568e-01,-2.893300354480743408e-01
-4.315126538276672363e-01,-6.726031750440597534e-02
3.802971541881561279e-02,6.829330921173095703e-01
-1.313664615154266357e-01,-5.616272985935211182e-02
-1.303017698228359222e-02,-1.112996861338615417e-01
4.544184356927871704e-02,6.810939311981201172e-01
5.172606110572814941e-01,-5.085504055023193359e-01
1.351854801177978516e-01,-2.800004780292510986e-01
-5.983424186706542969e-01,-1.791111081838607788e-01
-3.526277840137481689e-01,4.273907244205474854e-01
-1.986914873123168945e-01,-2.883793413639068604e-02
-1.196840554475784302e-01,-8.275045454502105713e-02
-5.986650586128234863e-01,-1.790475845336914062e-01
2.568129822611808777e-02,5.066241621971130371e-01
2.664549350738525391e-01,-1.670769751071929932e-01
-3.904511919245123863e-03,3.976109325885772705e-01
2.762576006352901459e-02,1.033047772943973541e-02
1.609127819538116455e-01,5.168205127120018005e-02
3.937396034598350525e-02,-1.341191083192825317e-01
3.676669299602508545e-02,6.162248253822326660e-01
4.636916890740394592e-02,-1.832568347454071045e-01
1.282773315906524658e-01,-2.773577868938446045e-01
-1.246390771120786667e-02,-9.968187659978866577e-02
4.119001328945159912e-02,3.276214003562927246e-01
5.133740305900573730e-01,-5.052043795585632324e-01
-5.618975162506103516e-01,-1.265420317649841309e-01
6.067986041307449341e-02,-7.088989764451980591e-02
-1.936542093753814697e-01,-4.476721957325935364e-02
-8.507393300533294678e-02,-1.187743470072746277e-01
-1.070471853017807007e-01,2.891495637595653534e-02
5.225231498479843140e-02,6.890224218368530273e-01
3.145511820912361145e-02,-1.807309389114379883e-01
1.864302307367324829e-01,7.166419923305511475e-02
3.180690109729766846e-02,5.457375645637512207e-01
2.483936771750450134e-02,5.137149095535278320e-01
4.062126278877258301e-01,-4.029838442802429199e-01
-1.305755078792572021e-01,-8.048003166913986206e-02
2.343101352453231812e-01,-9.161986410617828369e-02
-3.592351824045181274e-02,-9.979863464832305908e-02
1.487783789634704590e-01,-2.226785123348236084e-01
-2.358140423893928528e-02,3.376261591911315918e-01
3.636053577065467834e-02,5.931927561759948730e-01
-6.470398306846618652e-01,-6.676404923200607300e-02
1.414509713649749756e-01,-2.687042355537414551e-01
-1.375948190689086914e-01,-3.784084459766745567e-03
-1.551738679409027100e-01,-3.733995929360389709e-02
5.036568641662597656e-01,-4.976583719253540039e-01
-3.235160708427429199e-01,1.323868241161108017e-02
9.964571893215179443e-02,-1.716479212045669556e-01
-5.982328653335571289e-01,-1.789985299110412598e-01
2.931564860045909882e-02,-3.999789804220199585e-02
-4.867474734783172607e-01,-7.630044966936111450e-02
1.166902408003807068e-01,-2.838962376117706299e-01
1.050203945487737656e-02,-1.362371258437633514e-02
-4.224528372287750244e-01,5.191729068756103516e-01
7.281126454472541809e-03,-2.183358520269393921e-01
-5.069001317024230957e-01,-7.388047873973846436e-02
-1.957120746374130249e-02,-4.356394410133361816e-01
-5.589367151260375977e-01,-7.515432685613632202e-02
6.395266652107238770e-01,1.905345022678375244e-01
4.891085624694824219e-01,-4.846665263175964355e-01
-4.751843810081481934e-01,-7.200676202774047852e-02
1.171897202730178833e-01,-3.094002902507781982e-01
5.387237668037414551e-01,1.584660857915878296e-01
1.424652189016342163e-01,-2.826038897037506104e-01
3.676227852702140808e-02,5.757055282592773438e-01
-4.227446615695953369e-01,5.194017291069030762e-01
1.907914578914642334e-01,-9.445506334304809570e-02
4.336719810962677002e-01,4.793717265129089355e-01
6.938693672418594360e-02,-1.263962537050247192e-01
1.516957581043243408e-01,2.383697405457496643e-02
8.989816904067993164e-02,-1.276788488030433655e-02
7.808532100170850754e-03,3.347695767879486084e-01
8.977876603603363037e-02,-1.621225178241729736e-01
-6.353389471769332886e-03,3.687609136104583740e-01
4.612033441662788391e-02,-1.607633195817470551e-02
-6.726142764091491699e-01,-6.768314540386199951e-02
3.306460008025169373e-02,5.520563125610351562e-01
1.650968044996261597e-01,4.970711842179298401e-02
1.323177069425582886e-01,-2.681291699409484863e-01
1.285486072301864624e-01,-2.613528631627559662e-02
2.948219329118728638e-02,-1.578771024942398071e-01
4.652631282806396484e-02,6.818215250968933105e-01
-3.763316869735717773e-01,-5.622248724102973938e-02
3.233632445335388184e-02,5.539927482604980469e-01
2.074508666992187500e-01,-3.071065545082092285e-01
-6.721265316009521484e-01,-6.783947348594665527e-02
5.506927520036697388e-02,-1.655792593955993652e-01
-5.372671484947204590e-01,-8.761751651763916016e-02
-3.071122430264949799e-02,8.053772896528244019e-02
-4.450746774673461914e-01,5.403821468353271484e-01
1.507745385169982910e-01,-2.816749513149261475e-01
2.734542638063430786e-02,-3.385708332061767578e-01
5.052999854087829590e-01,-4.985946416854858398e-01
1.156686246395111084e-01,-1.731510907411575317e-01
6.627438962459564209e-02,-5.268410965800285339e-02
-2.833437621593475342e-01,-1.381667610257863998e-02
2.171052545309066772e-01,-1.390444189310073853e-01
-6.143015623092651367e-01,-1.836431026458740234e-01
8.627368509769439697e-02,-2.616474032402038574e-01
3.753601014614105225e-02,-9.600486606359481812e-02
1.659436076879501343e-01,-3.412283957004547119e-02
4.734918177127838135e-01,5.006594657897949219e-01
-1.696774363517761230e-02,-4.134484827518463135e-01
7.989380508661270142e-02,-6.979332119226455688e-02
-2.283193916082382202e-02,-5.115345716476440430e-01
-6.750244498252868652e-01,-7.751797884702682495e-02
-2.683197846636176109e-03,4.143158495426177979e-01
1.565022766590118408e-01,-2.725037001073360443e-02
-4.227477908134460449e-01,5.192937850952148438e-01
-4.228949844837188721e-01,5.192699432373046875e-01
2.318349294364452362e-02,4.894077181816101074e-01
-2.453051321208477020e-02,1.673372089862823486e-02
1.333164274692535400e-01,-2.828088998794555664e-01
1.033563092350959778e-01,-2.470881342887878418e-01
5.180853977799415588e-02,-2.464058846235275269e-01
4.330802261829376221e-01,-4.343605041503906250e-01
4.243096709251403809e-02,-1.865874081850051880e-01
1.352235823869705200e-01,-1.832337677478790283e-01
-5.396902561187744141e-01,-8.699674159288406372e-02
9.111440181732177734e-02,-5.517438054084777832e-02
1.548953652381896973e-01,-2.950390577316284180e-01
-5.989868044853210449e-01,-1.792002469301223755e-01
5.794591736048460007e-03,4.303075075149536133e-01
1.266318261623382568e-01,-2.550323903560638428e-01
-5.590537786483764648e-01,-7.332787662744522095e-02
-4.223650991916656494e-01,5.188857316970825195e-01
